Date,Upper West Side,Upper East Side,East Brooklyn,Washington Heights,Astoria-Long Island City,Williamsburg,Bedford-Stuyvesant,Flatbush,Jamaica,Harlem,Williams Bridge,East Harlem,Bushwick,Corona,Sunset Park,Borough Park,Bensonhurst,Soundview,Lower East Side,Canarsie,South Bronx,Flushing,Gravesend-Sheepshead Bay,Forest Hills,East Village,Ridgewood,Jackson Heights,Mapleton-Flatlands,Queens Village,Park Slope,Gramercy,Brownsville,Woodhaven-Richmond Hill,Bay Ridge,Bayside,Maspeth,Hamilton Heights,Chelsea,Woodside,Sunny Side,Greenwich Village,Coney Island,Morningside Heights,Parkchester,Dyker Heights,Wakefield-Williamsbridge,Morris Park,Saintalbans,Throggs Neck,Whitestone,Fort Green,Greenwood,Kings Bridge,Glendale,Middle Village,Clinton,Financial District,Auburndale,Laurelton,Rosedale,Howard Beach,College Point,Ettingville,Douglastown-Little Neck,Great Kills,West Village,Nkew Gardens,North Sutton Area,Midtown,Port Richmond,Baychester,Spuyten Duyvil,The Rockaways,Battery Park,Ardon Heights,Mariners Harbor,Riverdale,Oakwood,Carroll Gardens,Boerum Hill,Rosebank,Rossville,Murray Hill,Tottensville,Huguenot,Downtown,Richmondtown,Eastchester,Prince's Bay,Midland Beach,Little Italy,South Beach,Springfield Gardens,Country Club,Cobble Hill,Woodlawn-Nordwood,Annandale,Clearview,New Brighton,Woodrow,Westerleigh-Castleton,Garment District,Todt Hill,City Island,Utopia,Bloomfield-Chelsea-Travis
2011-12,3146,2985,1560,1918,1719,2152,1667,1597,1624,2342,1533,2524,1646,1653,1658,1648,1593,1523,3109,1554,1562,1703,1596,1657,3233,1635,1643,1526,1642,2152,3101,1534,1624,1661,1770,1675,2320,3387,1687,1671,3408,1676,2613,1499,1645,1525,1532,1628,1572,1745,2160,1811,1523,1625,1696,3197,3244,1768,1627,1619,1622,1686,1821,1743,1825,3441,1634,3202,3304,1814,1547,1626,1614,3273,1810,1811,1652,1809,2084,2203,1796,1799,3022,1925,1874,2298,1831,1552,1981,1833,3555,1797,1618,1584,2101,1512,1903,1757,1836,1827,1807,3083,3105,1614,1792,1797
2012-01,3107.298353,2980.815375,1562.612537,1906.208028,1712.001881,2175.108847,1667.185078,1590.498548,1612.408985,2342.424912,1514.807947,2509.7409780000003,1646.27057,1666.189149,1658.221717,1645.274641,1592.4904060000001,1500.864942,3091.3634899999997,1542.693958,1529.7468820000001,1701.0466629999999,1585.518903,1645.274641,3177.01338,1639.299067,1636.3112800000001,1515.803876,1641.290925,2177.1007050000003,3063.477479,1529.7468820000001,1624.360133,1677.144368,1768.769832,1688.099586,2333.4615519999998,3326.402724,1690.0914440000001,1669.1769359999998,3343.333516,1673.160652,2635.228026,1497.8771550000001,1647.266499,1518.791663,1505.8445869999998,1617.3886300000001,1554.645106,1743.871608,2186.064066,1823.545925,1505.8445869999998,1632.3275640000002,1704.0344489999998,3175.021522,3239.756905,1762.794258,1618.384559,1616.392701,1628.343849,1690.0914440000001,1801.635487,1739.8878920000002,1802.631416,3359.2683799999995,1628.343849,3159.086659,3249.716194,1814.582564,1516.799805,1624.360133,1613.404914,3272.6225600000002,1792.672127,1812.590706,1643.282783,1798.647701,2096.430459,2213.950077,1796.655843,1788.6884109999999,3006.7095280000003,1894.2568809999998,1844.4604329999997,2313.542973,1812.590706,1541.698029,1945.0492579999998,1813.5866350000001,3522.600729,1787.692482,1610.417127,1560.6206789999999,2103.401962,1505.8445869999998,1885.29352,1752.834968,1815.578493,1805.6192030000002,1802.631416,3066.465266,3024.63625,1594.482264,1782.712837,1797.651772
2012-02,3119.152998,2990.180386,1559.576499,1898.8736760000002,1728.2329899999997,2196.502779,1659.778297,1592.3157,1594.299894,2332.4200690000002,1504.019066,2484.210912,1638.94426,1681.604431,1652.833618,1641.920551,1595.291991,1489.1376109999999,3105.2636390000002,1536.758268,1507.9874539999998,1706.4068559999998,1589.339409,1643.9047449999998,3149.9080050000002,1633.983774,1644.896842,1509.971648,1640.9284539999999,2195.510682,3061.611371,1525.8452,1619.1023189999999,1688.5491100000002,1775.853647,1696.485886,2341.348942,3287.809489,1703.430565,1678.6281399999998,3312.611914,1671.6834609999999,2657.827888,1502.0348720000002,1640.9284539999999,1517.908424,1493.105999,1598.268282,1540.726656,1741.130252,2204.439555,1843.316243,1492.113902,1629.023289,1707.3989530000001,3167.7657510000004,3258.046579,1767.9168710000001,1595.291991,1600.252476,1622.07861,1694.5016920000003,1787.758811,1748.0749309999999,1790.7351019999999,3313.604011,1622.07861,3153.876393,3245.1493179999998,1810.5770420000001,1503.026969,1624.062804,1605.212961,3286.8173920000004,1776.8457440000002,1814.5454300000001,1635.967969,1797.6797809999998,2090.348399,2231.226174,1802.640266,1781.8062289999998,3024.903782,1886.9685120000001,1831.411079,2335.39636,1803.632363,1527.8293939999999,1931.612877,1805.616557,3502.1024429999998,1786.766714,1596.284088,1542.71085,2104.237757,1505.0111630000001,1886.9685120000001,1752.043319,1802.640266,1796.687684,1795.6955870000002,3071.532341,3013.990715,1575.450051,1795.6955870000002,1788.7509079999998
2012-03,3128.8888190000002,2983.978089,1557.543899,1901.583659,1764.559227,2230.836609,1657.108414,1584.160155,1577.259644,2310.685379,1494.4535130000002,2440.809299,1636.406881,1699.4972670000002,1653.165265,1632.463732,1595.9896019999999,1481.638278,3105.229925,1520.083982,1497.410875,1714.2840760000001,1587.117517,1656.122626,3143.675628,1621.6200720000002,1665.980499,1498.3966619999999,1641.335817,2207.177715,3052.983199,1522.0555570000001,1604.8616880000002,1682.7388829999998,1784.274973,1712.312501,2329.415337,3314.2168269999997,1729.070885,1705.4119899999998,3331.960998,1659.0799880000002,2662.611437,1510.226109,1632.463732,1512.197684,1482.624066,1578.245431,1527.97028,1735.9713960000001,2222.950311,1848.3511460000002,1479.666704,1620.634284,1715.269863,3153.5335010000003,3249.154867,1776.3886739999998,1572.330708,1580.217006,1606.833263,1697.5256920000002,1783.289185,1757.658716,1787.232334,3322.103126,1613.7337730000002,3136.775117,3252.112229,1803.990718,1497.410875,1623.591646,1592.046453,3266.899038,1771.4597379999998,1808.9196539999998,1624.577434,1800.047569,2101.698476,2250.5523550000003,1794.1328449999999,1778.3602489999998,3011.580133,1875.953189,1822.7206760000001,2365.889466,1803.990718,1507.268747,1922.285191,1807.9338670000002,3516.303219,1790.1896960000001,1578.245431,1523.041344,2125.357371,1504.3113859999999,1885.811062,1754.7013539999998,1787.232334,1793.1470579999998,1790.1896960000001,3063.826859,2990.8786,1555.572324,1815.8201649999999,1783.289185
2012-04,3155.631879,2970.643169,1560.596246,1913.845963,1808.559836,2278.903471,1668.834321,1582.243861,1580.275896,2305.4709980000002,1499.5893310000001,2413.709074,1642.266793,1718.0334460000001,1661.946443,1629.4750210000002,1596.019616,1495.653401,3122.176474,1518.284998,1508.445173,1722.9533579999998,1588.147756,1673.754233,3157.5998440000003,1619.6351960000002,1696.3858309999998,1501.5572960000002,1648.1706880000002,2236.592223,3076.913279,1532.060753,1604.875458,1689.497953,1791.8321329999999,1730.825218,2332.0385260000003,3368.1720990000003,1755.424781,1726.8892879999999,3370.140064,1657.026531,2678.400366,1509.4291560000001,1634.394933,1526.156858,1480.893663,1580.275896,1539.9326130000002,1736.7291129999999,2246.432048,1850.8710829999998,1481.8776460000001,1613.731301,1729.841236,3164.487721,3272.725796,1784.9442559999998,1571.4200529999998,1581.2598779999998,1597.987581,1701.305743,1795.768063,1769.2005359999998,1802.655941,3359.316256,1616.683248,3147.7600190000003,3276.6617260000003,1796.752046,1499.5893310000001,1622.587143,1590.1157210000001,3267.805884,1782.976291,1800.6879760000002,1622.587143,1817.415678,2142.129903,2288.743296,1806.591871,1786.912221,3026.730171,1867.598786,1826.2715210000001,2395.997389,1820.3676260000002,1508.445173,1924.669771,1832.175416,3548.2408969999997,1816.431696,1579.291913,1526.156858,2175.5853079999997,1517.3010160000001,1898.102243,1762.3126579999998,1788.8801859999999,1798.7200109999999,1792.816116,3081.833191,2976.547064,1561.580228,1840.0472760000002,1787.896203
2012-05,3171.503447,2971.994554,1581.329113,1941.034803,1832.926535,2326.2933559999997,1693.3685899999998,1577.397903,1588.20873,2304.671703,1509.584535,2425.556402,1662.901715,1733.66349,1664.867319,1628.5036289999998,1604.916371,1509.584535,3157.744213,1521.378164,1524.3265720000002,1731.697885,1587.225927,1689.43738,3177.400262,1622.606815,1725.80107,1506.6361279999999,1652.0908880000002,2261.4283960000002,3089.930846,1539.068608,1604.916371,1705.162219,1796.562845,1750.3711309999999,2338.0869850000004,3420.1524630000004,1774.9411920000002,1748.4055260000002,3423.10087,1649.142481,2668.308602,1519.41256,1652.0908880000002,1541.0342130000001,1482.066067,1588.20873,1557.7418539999999,1745.4571190000001,2264.376803,1855.530991,1488.945684,1612.778791,1745.4571190000001,3158.727016,3295.336554,1789.683228,1583.2947179999999,1597.053952,1598.036754,1706.145022,1802.4596600000002,1776.9067969999999,1811.3048820000001,3407.3760310000002,1617.692803,3167.5722379999997,3296.319356,1781.820809,1497.790906,1625.555222,1593.122742,3278.628912,1789.683228,1780.838006,1628.5036289999998,1835.874943,2176.907386,2312.534122,1820.1501039999998,1790.666031,3024.083083,1854.548189,1815.236092,2427.522007,1840.788955,1511.55014,1917.447544,1853.565386,3592.1428880000003,1847.6685719999998,1587.225927,1539.068608,2206.391459,1532.188991,1900.7399030000001,1768.061575,1786.734821,1794.5972399999998,1790.666031,3093.862055,2901.232779,1576.415101,1865.359016,1791.6488329999997
2012-06,3174.594459,2976.85864,1598.610473,1957.682979,1843.5667850000002,2356.105897,1721.580509,1590.74039,1608.448076,2312.820444,1523.844691,2443.660563,1690.1001800000001,1749.125797,1678.295056,1641.895926,1623.20448,1521.87717,3183.448302,1535.649814,1550.406219,1739.2881940000002,1596.642952,1707.8078649999998,3183.448302,1645.830967,1743.223236,1522.86093,1662.5548919999999,2310.852923,3102.7799579999996,1548.438698,1624.18824,1730.434352,1807.1676539999999,1763.882202,2335.446931,3420.534532,1788.476209,1759.947161,3425.453333,1656.6523300000001,2637.46134,1536.633574,1670.424974,1566.146383,1488.42932,1609.431836,1573.032705,1767.817243,2287.2426760000003,1877.9983949999998,1511.055807,1635.9933640000002,1764.865962,3167.708137,3316.255941,1799.297572,1612.383117,1630.090802,1615.334398,1720.5967489999998,1801.265093,1786.508688,1812.0864559999998,3415.6157299999995,1636.977124,3169.6756570000002,3303.467057,1767.817243,1503.185725,1645.830967,1615.334398,3311.337139,1785.524928,1763.882202,1648.782248,1851.436868,2230.18458,2346.268294,1833.729182,1787.4924489999999,3029.9816960000003,1839.631744,1803.232613,2449.563124,1857.3394289999999,1529.747252,1913.4137660000001,1867.177032,3596.627624,1869.144553,1606.480555,1554.34126,2237.070902,1555.32502,1905.543684,1782.573647,1790.4437300000002,1783.557408,1783.557408,3096.877396,2834.213398,1594.675432,1885.868478,1788.476209
2012-07,3182.463058,3012.9944370000003,1613.893031,1959.7272510000003,1844.449178,2374.53126,1749.862041,1598.128508,1619.804727,2315.414299,1544.923243,2459.26557,1714.3918640000002,1757.744302,1680.8922530000002,1658.230751,1648.3779240000001,1532.114568,3205.12456,1555.761352,1568.570027,1749.862041,1614.8783130000002,1719.3182769999999,3200.198146,1659.216034,1752.8178890000002,1537.040982,1686.8039489999999,2333.149387,3118.419684,1560.687766,1634.583967,1735.0828,1817.8465449999999,1763.655998,2328.222974,3413.0192049999996,1796.1703260000002,1768.5824109999999,3441.592403,1656.260186,2611.984386,1564.628897,1681.877536,1584.33455,1512.408915,1624.73114,1579.408137,1785.3322170000001,2303.5909070000002,1909.4778350000001,1532.114568,1651.333772,1773.508825,3189.360037,3328.284895,1808.9790010000002,1638.525098,1655.274903,1629.657553,1732.1269519999998,1773.508825,1797.155609,1789.273348,3432.7248590000004,1651.333772,3214.977386,3325.3290469999997,1744.935627,1522.261741,1666.1130130000001,1622.760575,3347.990548,1771.538259,1740.994496,1669.068861,1830.6552199999999,2242.503381,2355.810889,1821.7876760000001,1775.4793899999997,3043.5382,1801.09674,1780.405804,2459.26557,1834.5963510000001,1545.908526,1873.0223760000001,1845.4344609999998,3604.1640450000004,1862.184266,1617.834161,1563.643614,2231.6652710000003,1578.422854,1861.1989829999998,1791.2439129999998,1777.449956,1765.6265629999998,1757.744302,3105.611009,2756.82094,1610.937183,1897.654443,1775.4793899999997
2012-08,3190.6320969999997,3042.709025,1608.540959,1928.877679,1816.221034,2364.809912,1753.5251629999998,1599.724352,1615.39832,2294.277056,1553.6820710000002,2449.0574899999997,1719.2383579999998,1741.7696870000002,1682.012684,1662.420224,1652.623994,1535.069234,3198.4690809999997,1566.41717,1574.254154,1738.830818,1623.2353039999998,1707.482882,3207.285688,1647.7258789999998,1737.851195,1538.008103,1685.931176,2341.29896,3142.630571,1554.661694,1630.0926650000001,1724.136473,1811.3229190000002,1739.810441,2292.31781,3394.393681,1779.9749829999998,1749.606671,3429.660108,1653.603617,2631.2673670000004,1569.356039,1677.1145689999998,1590.907745,1521.354513,1623.2353039999998,1576.2134,1778.0157370000002,2316.8083850000003,1937.694286,1543.885841,1645.766633,1752.5455399999998,3201.40795,3307.207234,1796.6285739999998,1641.848141,1654.58324,1623.2353039999998,1724.136473,1736.8715719999998,1790.750836,1753.5251629999998,3416.9250090000005,1647.7258789999998,3248.429854,3336.5959239999997,1718.2587350000001,1534.0896109999999,1672.2164539999999,1615.39832,3350.310646,1753.5251629999998,1720.2179809999998,1675.155323,1786.8323440000001,2245.295906,2355.993305,1800.547066,1758.4232780000002,3075.036584,1750.5862940000002,1749.606671,2452.975982,1789.771213,1555.641317,1800.547066,1801.526689,3552.112983,1835.8134940000002,1611.479828,1552.702448,2236.4792989999996,1593.846614,1800.547066,1780.9546059999998,1756.464032,1740.790064,1723.15685,3116.18075,2686.126255,1612.459451,1874.9984140000001,1749.606671
2012-09,3209.260236,3085.376938,1597.801905,1893.365993,1793.869171,2337.1998550000003,1750.948973,1606.581036,1607.5564949999998,2265.9913460000002,1557.808084,2454.25494,1715.832448,1707.053317,1671.936791,1652.4276109999998,1641.697561,1545.1271160000001,3196.579268,1578.2927240000001,1570.489051,1724.611579,1624.139299,1675.838628,3230.720334,1620.2374619999998,1710.955153,1552.930789,1680.715923,2331.3471010000003,3173.168251,1559.759002,1612.43379,1702.1760219999999,1813.378352,1702.1760219999999,2250.3840010000004,3373.137354,1745.0962190000002,1717.7833660000001,3419.959388,1648.525774,2656.174961,1556.832625,1669.010414,1581.219101,1526.5933949999999,1616.335626,1571.46451,1769.482695,2319.641593,1965.549962,1539.2743619999999,1618.286544,1714.856989,3219.9902850000003,3310.707976,1798.746466,1631.9429710000002,1638.771184,1614.384708,1709.979694,1733.390711,1785.0900399999998,1745.0962190000002,3398.499289,1629.992053,3284.3705809999997,3348.7508780000003,1706.0778579999999,1535.3725259999999,1669.985873,1597.801905,3357.5300090000005,1762.654482,1711.930612,1677.7895460000002,1763.629941,2236.727575,2353.782659,1788.0164170000003,1760.7035640000001,3106.8370370000002,1712.906071,1740.2189239999998,2452.304022,1760.7035640000001,1551.95533,1737.2925469999998,1767.531777,3513.6034549999995,1812.402893,1606.581036,1545.1271160000001,2240.629411,1589.998232,1763.629941,1765.580859,1744.1207600000002,1726.562498,1706.0778579999999,3135.125349,2620.082977,1608.5319539999998,1868.0040579999998,1753.8753510000001
2012-10,3212.756285,3120.963249,1598.565969,1854.4146460000002,1785.0816079999997,2348.53461,1746.020741,1626.885098,1610.2842289999999,2226.4694010000003,1561.4581460000002,2448.13982,1720.631178,1687.429441,1681.570311,1655.204226,1637.626836,1552.669451,3221.54498,1595.6364039999999,1564.3877109999999,1725.513786,1625.908576,1658.133791,3250.84063,1613.213794,1698.171179,1570.246841,1679.617268,2343.652002,3188.343244,1569.270319,1606.378143,1705.983353,1833.907691,1690.359006,2192.291143,3380.718012,1738.208568,1704.030309,3423.684966,1661.063356,2680.551977,1548.7633640000001,1667.899008,1577.0824929999999,1525.326844,1622.979011,1569.270319,1769.457261,2347.5580879999998,1992.104201,1538.021626,1617.119881,1699.147701,3237.169327,3347.5162760000003,1815.3537800000001,1633.720749,1638.603358,1612.237273,1707.936396,1753.832914,1794.846825,1769.457261,3386.577142,1621.025968,3283.065846,3372.905839,1717.701613,1534.1155390000001,1667.899008,1600.519013,3388.530186,1778.245956,1723.560743,1677.664224,1802.658998,2270.4128769999998,2377.83026,1792.8937809999998,1774.33987,3116.0806399999997,1722.584221,1725.513786,2494.036338,1801.6824760000002,1551.6929289999998,1709.889439,1760.668566,3519.384089,1803.6355199999998,1613.213794,1537.0451039999998,2276.272007,1591.730318,1771.410305,1773.363348,1761.645088,1729.419873,1718.678134,3156.1180289999998,2591.688505,1594.659883,1855.3911679999999,1764.5746530000001
2012-11,3193.125391,3104.264715,1612.186551,1837.755959,1812.3671940000002,2344.554759,1749.8717739999997,1643.4342609999999,1624.880933,2195.151645,1569.220949,2424.6270170000003,1731.318446,1686.3998620000002,1673.70548,1636.598824,1614.139532,1567.267967,3223.3966100000002,1623.904442,1570.1974400000001,1744.989319,1624.880933,1660.034607,3234.138011,1622.927951,1703.000208,1596.5626949999998,1695.188281,2354.319669,3159.9246989999997,1586.7977859999999,1617.069005,1700.070736,1874.8626149999998,1698.1177539999999,2153.162534,3346.4344690000003,1749.8717739999997,1715.694591,3395.2590159999995,1673.70548,2655.07888,1540.9027119999998,1630.7398779999999,1559.4560390000001,1540.9027119999998,1643.4342609999999,1567.267967,1790.884393,2380.6849239999997,1999.8534559999998,1537.9732390000001,1634.645842,1705.9296809999998,3231.208538,3367.9172700000004,1865.0977050000001,1652.222679,1649.293206,1621.95146,1714.7181,1800.6493030000001,1823.108595,1816.2731579999997,3364.987797,1624.880933,3240.973447,3362.058324,1740.106864,1542.855693,1665.8935529999999,1612.186551,3404.047435,1788.9314120000001,1742.059846,1658.081625,1867.0506870000002,2308.424594,2400.214743,1811.390703,1782.095975,3080.828932,1735.2244100000003,1724.483009,2536.923476,1861.1917420000002,1550.667621,1707.8826629999999,1780.142993,3509.508457,1815.296667,1630.7398779999999,1541.8792019999999,2304.518631,1588.7507679999999,1807.4847399999999,1796.743339,1792.837375,1739.130373,1743.036337,3138.441898,2555.476804,1585.821295,1882.6745420000002,1767.448611
2012-12,3203.297892,3090.678125,1622.703946,1855.777898,1836.191852,2376.766733,1756.8683640000002,1664.813946,1642.289992,2213.223245,1567.863016,2423.773244,1737.2823170000001,1696.1516199999999,1685.379294,1648.165806,1620.745341,1568.842318,3243.449287,1631.517667,1557.09069,1763.72348,1643.2692949999998,1678.5241780000001,3238.552776,1642.289992,1718.675573,1609.973016,1713.779062,2401.249291,3157.2706829999997,1589.407667,1637.393481,1721.61348,1909.6395260000002,1714.758364,2166.216734,3345.2967289999997,1764.702782,1736.303015,3388.3860310000005,1697.1309219999998,2713.646731,1538.483946,1634.455574,1561.0079,1542.4011560000001,1663.834643,1567.863016,1811.7092940000002,2435.524872,2011.4869670000003,1535.546039,1659.917434,1722.5927829999998,3251.2837059999997,3375.6551,1896.908596,1668.7311550000002,1669.7104570000001,1637.393481,1722.5927829999998,1842.067666,1841.0883629999998,1855.777898,3382.510217,1642.289992,3211.132311,3356.069054,1775.4751079999999,1534.5667369999999,1666.77255,1631.517667,3406.992775,1809.750689,1779.3923170000003,1664.813946,1916.494642,2387.539059,2463.9246399999997,1820.5230149999998,1802.895573,3082.8437059999997,1748.054643,1744.137434,2593.192546,1908.6602239999997,1550.235574,1731.4065039999998,1808.771387,3514.7160299999996,1829.336736,1646.207202,1548.276969,2366.97371,1583.531853,1845.984875,1828.357433,1826.398829,1764.702782,1789.1853399999998,3145.519055,2586.33743,1564.925109,1915.51534,1757.8476660000001
2013-01,3197.30332,3069.6450649999997,1633.246073,1864.20032,1833.0166239999999,2398.221112,1771.6237230000002,1676.123654,1636.1695439999999,2220.863842,1548.465399,2413.81296,1738.491046,1702.434898,1677.098145,1640.067506,1610.832791,1555.2868330000001,3218.742111,1638.118525,1539.6949849999999,1763.827799,1659.5573160000001,1690.7410120000002,3223.614563,1633.246073,1729.720632,1621.552187,1697.562445,2427.4558269999998,3144.680833,1589.394,1633.246073,1722.899198,1911.9503550000002,1719.975727,2165.317884,3319.1146320000003,1761.878818,1743.3634989999998,3354.19629,1707.30735,2762.680558,1529.95008,1625.450149,1542.6184560000002,1537.7460039999999,1649.8124109999999,1565.0317380000001,1830.093153,2455.7160519999998,2012.3228760000002,1522.154156,1657.608335,1734.593084,3239.206411,3327.885046,1909.0268829999998,1654.6848630000002,1660.531806,1634.220563,1727.7716510000002,1872.970735,1837.889077,1875.894206,3379.533043,1644.939958,3172.941057,3298.650331,1792.088023,1527.026608,1657.608335,1625.450149,3346.400366,1829.118662,1797.934966,1664.429768,1931.4401649999998,2427.4558269999998,2494.695672,1840.812548,1815.4757949999998,3081.338951,1755.057385,1767.725761,2614.558003,1921.6952600000002,1532.873551,1767.725761,1849.5829629999998,3456.517792,1852.506434,1638.118525,1551.388871,2408.9405079999997,1559.184795,1875.894206,1842.7615289999999,1851.531944,1781.3686280000002,1824.2462100000002,3140.782871,2625.277398,1552.363361,1931.4401649999998,1746.2869699999999
2013-02,3165.9302399999997,3053.518881,1634.8100140000001,1902.2715210000001,1819.9011289999999,2408.122634,1793.736417,1680.355995,1625.119379,2256.948738,1530.151163,2443.977981,1745.2832449999999,1698.7682,1690.046629,1639.6553310000002,1599.92373,1540.81086,3176.589937,1625.119379,1533.058353,1754.0048160000001,1662.912853,1691.9847559999998,3195.002143,1620.274062,1730.747293,1618.335935,1674.541614,2441.070791,3112.6317510000003,1589.264032,1626.0884429999999,1725.901976,1904.209648,1721.056659,2192.9905519999998,3287.063169,1757.88107,1743.345118,3304.506311,1703.6135170000002,2787.9955,1531.120226,1630.93376,1529.182099,1521.429592,1629.964696,1565.037446,1838.313335,2459.482996,2016.621007,1510.769894,1649.345965,1745.2832449999999,3218.259665,3293.8466129999997,1907.116839,1630.93376,1645.469711,1636.7481400000001,1724.9329129999999,1886.766506,1827.6536370000001,1881.9211890000001,3370.4026240000003,1644.500648,3131.043956,3227.9502989999996,1808.272368,1523.3677189999999,1649.345965,1625.119379,3298.69193,1859.63273,1816.993939,1664.8509800000002,1933.2815510000003,2442.039854,2506.967104,1860.6017940000002,1845.096779,3066.116706,1785.014846,1806.334241,2631.007224,1927.467171,1519.491465,1821.839256,1880.9521260000001,3401.4126539999997,1870.2924280000002,1626.0884429999999,1557.2849390000001,2434.287347,1535.965543,1896.457141,1848.003969,1870.2924280000002,1817.963003,1854.7874129999998,3132.982083,2695.9344739999997,1556.315875,1928.436234,1767.571704
2013-03,3175.09818,3063.81007,1644.160868,1911.252333,1818.350954,2436.7257600000003,1826.0927359999998,1695.4501710000002,1619.967801,2273.180623,1527.066421,2464.789718,1769.964819,1711.901457,1704.1596760000002,1651.90265,1594.80701,1536.7436480000001,3164.453231,1635.451364,1537.711371,1757.3844239999999,1675.1279949999998,1702.22423,3168.324121,1612.226019,1747.707197,1627.709582,1662.547599,2451.2416,3110.260759,1597.710179,1626.7418599999999,1738.0299699999998,1915.123224,1738.997693,2203.504589,3276.709064,1769.964819,1754.4812559999998,3291.2249039999997,1704.1596760000002,2765.751478,1539.646817,1638.354532,1532.872758,1511.582858,1620.935523,1570.613943,1856.0921399999997,2471.563777,2036.0885620000001,1514.486026,1648.999482,1768.0293739999997,3201.226693,3297.031241,1923.832729,1617.064633,1633.515918,1644.160868,1737.0622469999998,1900.607384,1840.608576,1885.1238210000001,3369.610443,1641.2577,3141.227886,3224.452038,1815.447786,1526.0986990000001,1647.064036,1633.515918,3303.8053,1890.930157,1820.2864,1677.0634400000001,1937.380846,2447.37071,2520.9176350000002,1896.7364929999999,1876.414316,3084.132247,1848.350358,1840.608576,2654.4633670000003,1935.4454010000002,1521.260085,1875.4465940000002,1907.381443,3378.319947,1886.091543,1619.000078,1564.807607,2460.918827,1530.937312,1913.1877789999999,1859.9630300000001,1895.76877,1855.1244170000002,1868.6725350000002,3146.066499,2742.526133,1573.5171109999999,1931.5745100000001,1812.544618
2013-04,3202.215157,3107.147878,1654.9467,1938.208386,1831.5002170000002,2450.4075989999997,1848.961554,1712.181082,1633.605066,2303.926385,1540.4779369999999,2496.971164,1808.218434,1723.821973,1731.5825670000002,1686.9591510000002,1612.263432,1549.208605,3173.112929,1651.066403,1558.9093480000001,1765.5351670000002,1687.929225,1718.9716019999998,3161.472037,1620.994101,1755.834424,1643.305809,1665.617517,2466.898862,3132.369809,1611.293358,1645.245957,1758.744647,1938.208386,1751.954127,2229.230666,3313.773697,1778.146132,1769.4154640000002,3323.47444,1702.480339,2759.861291,1558.9093480000001,1659.7970710000002,1545.328308,1516.2260800000001,1633.605066,1575.40061,1870.3031879999999,2495.031016,2068.1983379999997,1532.717342,1659.7970710000002,1783.966578,3211.9158989999996,3316.68392,1947.909129,1627.784621,1644.275883,1669.497814,1747.103756,1917.8368269999999,1864.4827420000001,1886.79445,3406.9008270000004,1654.9467,3198.33486,3275.940801,1848.961554,1541.448011,1665.617517,1655.916774,3341.905851,1928.507644,1851.8717760000002,1710.2409329999998,1936.2682379999999,2479.509827,2550.325249,1906.1959350000002,1917.8368269999999,3117.818695,1922.687198,1895.525118,2682.255349,1940.148535,1536.59764,1935.298163,1909.1061579999998,3415.631495,1880.00393,1631.664918,1570.5502390000001,2490.180644,1540.4779369999999,1937.2383120000002,1866.4228899999998,1911.046307,1902.3156379999998,1893.5849699999999,3161.472037,2765.681736,1593.8320210000002,1938.208386,1860.602445
2013-05,3264.316085,3149.013736,1665.586034,1917.5071329999998,1841.9308030000002,2467.857841,1876.8121859999999,1745.038073,1642.3317789999999,2303.1402,1552.22154,2476.578187,1841.9308030000002,1737.286655,1759.5719829999998,1732.442018,1636.518215,1568.693304,3211.025083,1663.6481800000001,1571.600086,1774.1058920000003,1702.405272,1736.3177269999999,3206.1804460000003,1628.766797,1759.5719829999998,1664.617107,1673.3374529999999,2473.671405,3192.615464,1624.891088,1653.958907,1780.8883829999997,1939.792461,1754.7273460000001,2251.787053,3388.3387789999997,1779.9194559999999,1774.1058920000003,3417.4065990000004,1708.218836,2774.038869,1572.569013,1685.9335079999998,1552.22154,1534.780848,1646.207488,1582.258286,1879.718968,2513.397425,2098.696539,1550.2836849999999,1665.586034,1792.5155109999998,3242.030757,3332.140996,1943.66817,1644.269634,1652.989979,1681.0888710000002,1759.5719829999998,1929.134261,1882.62575,1892.315023,3478.4490189999997,1663.6481800000001,3296.290686,3364.115597,1870.998623,1555.128322,1680.119944,1661.710325,3355.3952510000004,1956.264225,1871.96755,1729.535236,1930.1031879999998,2527.931334,2589.942682,1886.501459,1953.3574429999999,3172.267991,1981.456335,1942.699243,2705.245031,1935.9167519999999,1547.3769029999999,1984.363117,1902.004296,3501.7032740000004,1849.682222,1639.424997,1579.351504,2530.838116,1555.128322,1961.108862,1874.874332,1902.9732239999998,1937.8546059999999,1903.9421510000002,3186.8019,2739.157486,1608.419323,1917.5071329999998,1890.377169
2013-06,3295.798428,3170.152154,1686.5596059999998,1900.158273,1859.5648609999998,2474.265096,1903.057802,1765.8134100000002,1648.865724,2297.393802,1565.745881,2453.96839,1890.493175,1760.0143510000003,1779.344547,1755.181802,1653.698273,1583.143057,3233.941801,1668.19592,1577.343999,1785.1436059999999,1712.655371,1754.215292,3247.472938,1641.133646,1760.0143510000003,1673.0284689999999,1678.827528,2468.466037,3223.310193,1644.999685,1655.631293,1789.0096449999999,1932.053096,1764.8469,2268.3985079999998,3434.00933,1788.043136,1788.043136,3476.535761,1713.6218809999998,2827.041174,1576.377489,1701.0572530000002,1556.080783,1554.1477630000002,1654.664783,1587.975606,1881.794586,2520.657566,2122.455527,1561.879842,1669.16243,1804.473802,3255.205017,3332.5258010000002,1924.3210179999999,1658.5308220000002,1661.430351,1688.4926260000002,1775.478508,1945.5842329999998,1887.593645,1912.7229,3513.2631340000003,1676.894508,3369.2531729999996,3433.04282,1899.1917629999998,1566.712391,1687.526116,1662.396861,3344.123918,1968.780469,1899.1917629999998,1729.086038,1940.751684,2558.351449,2604.743919,1864.39741,1972.6465079999998,3192.381879,2010.3403899999998,1982.3116059999998,2703.3279190000003,1946.550743,1558.013802,2011.3069,1900.158273,3568.354193,1825.737018,1646.9327039999998,1591.841646,2558.351449,1565.745881,1986.177645,1876.962037,1885.660626,1960.0818800000002,1917.5554489999997,3193.348389,2747.78737,1630.502038,1889.5266649999999,1906.923841
2013-07,3320.396645,3154.42506,1713.753107,1931.83205,1886.4793489999997,2509.837743,1938.586707,1785.159486,1661.645749,2302.373262,1568.0454949999998,2440.361265,1942.4465109999999,1778.4048289999998,1809.2832629999998,1767.7903670000003,1661.645749,1594.099174,3222.936586,1674.190113,1573.8352009999999,1800.598704,1716.6479600000002,1766.825416,3248.025314,1651.031287,1766.825416,1675.155064,1700.2437920000002,2488.608819,3225.831439,1662.6107,1663.5756509999999,1813.1430679999999,1923.1474899999998,1775.509976,2298.513458,3440.0505780000003,1804.4585079999997,1809.2832629999998,3488.298132,1742.7016390000001,2850.465472,1572.87025,1718.577862,1562.2557880000002,1560.3258859999999,1673.225162,1596.994027,1878.759741,2546.505884,2155.700699,1561.290837,1675.155064,1812.178116,3273.114042,3331.011107,1913.497979,1678.0499170000003,1671.2952599999999,1689.62933,1793.8440460000002,1959.815631,1889.374202,1937.6217559999998,3520.141517,1688.6643789999998,3363.819443,3448.7351380000005,1920.252637,1569.010446,1671.2952599999999,1664.540602,3314.606938,1978.1497010000003,1918.3227350000002,1697.348939,1961.7455329999998,2602.473046,2639.141187,1883.5844960000002,1982.009505,3196.882907,2011.9229890000001,2008.063184,2722.126979,1954.0259239999998,1560.3258859999999,2013.852891,1928.937196,3566.4591689999997,1852.7060620000002,1657.7859449999999,1610.503342,2611.1576059999998,1573.8352009999999,2002.273478,1884.5494469999999,1892.2690559999999,1969.465141,1937.6217559999998,3202.672614,2821.51694,1651.9962380000002,1867.1803280000001,1930.8670989999998
2013-08,3277.557186,3107.945288,1720.2115780000001,1983.302761,1902.3516280000001,2527.795501,1965.956089,1778.99752,1676.8449,2313.8532210000003,1563.1278320000001,2438.171032,1985.2301690000002,1790.561968,1809.8360469999998,1751.050105,1653.7160039999999,1589.147839,3180.223086,1672.02638,1561.200424,1816.581975,1707.683427,1779.961224,3199.4971649999998,1672.990084,1780.9249280000001,1669.135268,1729.848618,2506.5940140000002,3180.223086,1666.244156,1683.590827,1821.4004940000002,1929.335339,1787.670856,2311.925813,3397.056478,1817.5456789999998,1832.9649420000003,3436.56834,1763.5782570000001,2837.1444739999997,1563.1278320000001,1708.647131,1555.4182,1560.2367199999999,1687.445643,1594.930063,1878.2590280000002,2569.234772,2177.9709620000003,1551.563384,1698.046387,1822.364198,3245.754955,3298.7586730000003,1920.6620030000001,1690.336755,1682.627123,1700.937499,1798.271599,1973.665721,1888.8597719999998,1955.355346,3473.1890909999997,1707.683427,3305.504601,3408.620925,1932.22645,1563.1278320000001,1660.461932,1676.8449,3276.593482,1987.157576,1927.407931,1669.135268,1981.3753530000001,2646.3310890000002,2665.605168,1917.7708910000001,1982.3390570000001,3143.602335,2006.431656,2020.8872149999997,2728.245926,1967.8834969999998,1555.4182,2007.3953600000002,1955.355346,3493.426874,1898.496812,1667.20786,1612.276734,2644.403681,1571.801167,2009.322768,1890.78718,1904.2790350000002,1973.665721,1960.1738649999998,3185.041605,2799.560019,1656.607116,1879.222732,1949.5731219999998
2013-09,3237.066312,3065.127182,1728.0362899999998,2048.861259,1900.9359739999998,2531.059268,2008.5179999999998,1775.1034260000001,1688.653584,2328.382416,1545.531067,2431.161673,2023.886861,1782.787856,1798.156717,1735.72072,1637.744232,1567.6238050000002,3148.695363,1660.797523,1540.728298,1816.4072390000001,1681.929707,1777.985087,3172.7092079999998,1682.890261,1783.7484100000001,1655.9947539999998,1767.418995,2520.493176,3156.379793,1655.9947539999998,1704.0224449999998,1841.3816379999998,1924.9498190000002,1781.827302,2317.816324,3405.1632280000003,1815.446686,1838.499977,3440.7037179999998,1775.1034260000001,2795.211563,1556.097159,1700.1802289999998,1547.452175,1543.60996,1702.101337,1580.1110039999999,1871.158806,2584.850281,2181.417684,1531.12276,1709.785767,1819.2889010000001,3251.474619,3276.449018,1923.989265,1702.101337,1690.574691,1714.588536,1783.7484100000001,1993.149139,1877.8826829999998,1965.2930789999998,3473.3625479999996,1723.233521,3262.040711,3366.741076,1930.7131420000003,1550.333836,1665.600292,1690.574691,3245.711297,2009.4785539999998,1922.0681579999998,1667.5214,1993.149139,2687.6295379999997,2699.1561829999996,1939.358126,2003.715231,3116.997087,2018.1235379999998,2057.506244,2737.578335,1972.016955,1543.60996,2029.6501829999997,1970.095848,3502.179162,1942.2397870000002,1672.324169,1595.479865,2669.379015,1561.860482,2036.37406,1889.4093280000002,1900.9359739999998,2004.6757850000001,1981.622493,3183.275299,2828.830947,1644.468109,1908.620404,1970.095848
2013-10,3258.033878,3059.05523,1750.239368,2060.2983280000003,1921.2064579999999,2538.426633,2069.957486,1784.0464190000002,1712.568653,2335.5843219999997,1553.1925509999999,2448.596466,2083.480307,1808.194314,1794.671493,1730.921052,1630.465813,1566.7153720000001,3202.976679,1650.750044,1552.2266359999999,1835.239955,1674.897938,1800.466987,3232.920068,1714.500484,1816.887555,1656.545538,1813.0238920000002,2537.4607170000004,3206.840342,1652.681875,1745.409789,1853.592355,1943.4225210000002,1794.671493,2322.061501,3465.705768,1828.478545,1861.319681,3516.899303,1787.9100829999998,2808.883047,1571.544951,1691.3185059999998,1561.885793,1554.158467,1723.1937260000002,1586.999603,1890.2971539999999,2605.07482,2203.253862,1530.010573,1741.5461260000002,1828.478545,3292.806846,3303.431919,1948.2521,1720.295979,1707.7390739999998,1754.1030309999999,1799.5010719999998,2024.5594449999999,1893.194901,1989.7864780000002,3526.558461,1756.0348620000002,3324.682066,3404.853074,1902.854059,1558.9880460000002,1693.2503370000002,1725.1255579999997,3278.318109,2037.11635,1896.092648,1688.420759,2014.9002870000002,2709.393723,2720.984712,1945.354352,2026.4912769999999,3151.783144,2070.923402,2111.491864,2761.5531739999997,1997.513804,1557.056214,2086.378054,1992.684225,3586.4452380000002,1974.331825,1684.557096,1594.726929,2676.552587,1570.579035,2088.309886,1911.547301,1874.842501,2051.605087,1982.0591510000002,3233.885984,2870.7016559999997,1638.193139,1964.672668,1987.854646
2013-11,3283.077824,3055.394495,1769.3695940000002,2073.268952,1946.885409,2522.847049,2113.788866,1801.20667,1727.88492,2328.930316,1565.8052619999999,2468.8204969999997,2140.802142,1835.938025,1781.9114719999998,1723.0611199999998,1620.796575,1568.699542,3254.135028,1643.950811,1574.488101,1856.1979820000001,1669.034568,1819.537107,3280.183544,1721.1316010000003,1852.338942,1643.950811,1852.338942,2522.847049,3246.416949,1652.63365,1763.5810350000002,1843.656104,1971.969166,1801.20667,2311.564639,3500.148793,1847.515143,1886.1055379999998,3565.752464,1791.5590710000001,2801.662651,1577.3823810000001,1677.717407,1569.664302,1564.840502,1744.2858379999998,1589.924259,1916.977853,2583.626921,2213.159132,1534.932947,1744.2858379999998,1828.2199460000002,3314.914899,3324.5624980000002,1986.440564,1734.638239,1716.3078010000002,1782.876232,1815.678068,2020.207159,1922.7664129999998,1987.4053239999998,3564.787704,1773.2286329999997,3366.047172,3440.333682,1850.409423,1571.593822,1702.8011629999999,1742.3563179999999,3300.443501,2030.819518,1857.1627420000002,1688.329765,2007.6652809999998,2658.87819,2684.926707,1918.907373,2020.207159,3189.496117,2090.634629,2121.506945,2752.4598969999997,1996.088163,1565.8052619999999,2101.246988,1990.2996030000002,3653.545612,1975.828205,1691.224045,1591.8537789999998,2627.041115,1581.2414199999998,2096.423189,1941.09685,1826.2904260000003,2058.7975539999998,1939.16733,3256.064547,2961.8127879999997,1633.3384529999998,2025.0309579999998,1988.370084
2013-12,3338.3106329999996,3068.080227,1762.2882960000002,2011.286314,1989.088816,2536.30539,2135.785323,1834.671441,1744.916341,2319.155956,1576.987446,2506.3870239999997,2182.1105350000003,1881.9617620000001,1799.9275309999998,1744.916341,1638.754396,1569.2665769999999,3298.741181,1645.510156,1582.7780970000001,1883.891979,1693.765586,1852.043396,3324.799113,1742.9861239999998,1888.717522,1646.475265,1878.1013280000002,2505.421915,3294.8807469999997,1659.986785,1775.799817,1830.811007,2008.3909879999999,1822.1250289999998,2256.4238969999997,3529.4021350000003,1874.240893,1912.845237,3601.7852799999996,1824.0552460000001,2816.186883,1571.196794,1691.8353690000001,1582.7780970000001,1568.3014679999999,1761.3231879999998,1593.394292,1951.4495809999999,2562.3633219999997,2225.540422,1539.348211,1761.3231879999998,1843.357418,3336.380416,3334.450199,2024.797834,1746.846559,1729.474604,1808.613509,1858.7991559999998,1985.228382,1959.17045,1960.1355579999997,3576.692457,1790.276445,3401.042692,3513.9603979999997,1807.6484,1572.161903,1685.079609,1763.2534050000002,3310.322484,1998.739902,1819.2297030000002,1672.533197,1977.5075129999998,2603.8629920000003,2638.606901,1876.1711109999999,1978.4726219999998,3245.660208,2069.19283,2075.94859,2743.803738,1973.6470789999998,1573.127011,2059.541744,1972.6819699999999,3684.7846189999996,1944.693821,1703.4166719999998,1592.429183,2592.281689,1589.533858,2057.611527,1971.716862,1790.276445,2018.0420739999997,1895.473282,3274.613466,2958.057847,1619.4522240000001,2063.4021780000003,1966.891319
2014-01,3354.491783,3072.32039,1743.723559,1969.460674,2012.5037670000002,2530.93392,2132.0679170000003,1849.8965239999998,1748.506125,2309.979372,1569.638157,2515.629709,2185.6326559999998,1895.8091570000001,1801.1143510000002,1776.2450079999999,1661.463424,1551.464406,3284.66632,1646.1592130000001,1567.7251310000001,1889.1135649999999,1710.2455969999999,1863.287709,3321.970335,1741.8105329999999,1893.896131,1645.2027,1903.461263,2483.108261,3282.753294,1651.898292,1766.6798760000001,1832.679286,2022.0688989999999,1829.8097469999998,2221.980158,3539.09883,1888.157052,1923.54804,3592.66357,1835.5488260000002,2824.583472,1543.812301,1723.636782,1576.3337490000001,1552.420919,1771.4624420000002,1577.290263,1957.982515,2533.80346,2226.7627239999997,1533.290655,1763.810336,1846.070471,3320.057308,3313.361716,2037.3731109999999,1752.332178,1735.11494,1802.070864,1872.8528410000001,1930.243632,1976.156266,1914.939421,3571.6202789999998,1793.462245,3395.621851,3537.1858039999997,1771.4624420000002,1564.855591,1649.985266,1756.15823,3286.579346,1942.6783039999998,1778.158034,1649.028752,1936.939225,2550.064184,2586.411686,1820.2446149999998,1908.243829,3250.231845,2005.808175,1995.28653,2692.584651,1938.8522510000003,1568.681644,1984.764885,1934.0696850000002,3696.923508,1895.8091570000001,1711.2021100000002,1573.4642099999999,2554.84675,1579.203289,1988.5909370000002,1975.199753,1754.2452039999998,1939.808764,1843.2009309999999,3246.405792,2889.626369,1604.072632,2076.5901519999998,1933.1131719999998
2014-02,3387.847756,3105.047788,1757.1943800000001,1923.0397850000002,2045.746212,2566.289882,2150.2384030000003,1874.148943,1772.532683,2318.001096,1580.803891,2539.4478510000004,2200.087889,1919.205209,1835.8031839999999,1828.1340329999998,1710.220825,1554.920504,3306.36302,1668.999135,1564.506944,1903.866906,1745.690652,1882.7767379999998,3344.708778,1768.698107,1906.742837,1680.502863,1938.378088,2507.812601,3300.611156,1668.040491,1780.201835,1870.3143670000002,2031.366552,1861.6865710000002,2214.467549,3557.527737,1918.246565,1962.3441870000001,3619.8395950000004,1862.6452149999998,2863.4695100000004,1538.6235570000001,1777.3259030000002,1585.597111,1564.506944,1796.4987820000001,1586.555755,1968.0960510000002,2551.910223,2253.771951,1536.706269,1782.119123,1868.3970789999998,3340.874202,3345.667422,2044.787568,1778.284547,1760.070311,1811.8370850000001,1903.866906,1919.205209,1994.9380820000001,1910.577413,3589.162988,1811.8370850000001,3432.9040219999997,3573.824685,1771.574039,1576.010671,1645.033036,1765.822175,3337.039626,1919.205209,1771.574039,1655.57812,1937.419444,2569.165814,2600.8010649999997,1807.043866,1861.6865710000002,3277.603701,1962.3441870000001,1970.013339,2684.203089,1941.2540199999999,1581.762535,1950.8404600000001,1923.998429,3761.7189009999997,1882.7767379999998,1736.1042120000002,1575.052027,2591.214625,1583.679823,1981.517066,1983.434354,1754.318448,1915.3706329999998,1849.2242,3255.55489,2896.063405,1616.273717,2085.050614,1923.0397850000002
2014-03,3378.3070380000004,3108.00427,1760.310962,1930.3247170000002,2050.6715329999997,2557.847398,2147.1400120000003,1876.837243,1785.144431,2344.852637,1574.059937,2560.712799,2180.5696829999997,1912.1771809999998,1847.2281059999998,1850.093507,1730.7018239999998,1549.226468,3306.672029,1679.124618,1555.912402,1898.8053129999998,1768.9071629999999,1881.612911,3332.460632,1780.368764,1894.984779,1707.7786210000002,1946.561986,2512.000992,3301.896362,1673.393817,1785.144431,1900.71558,2012.466194,1862.5102420000003,2256.025226,3524.442457,1926.5041829999998,1986.6775910000001,3580.7953310000003,1852.958907,2890.233841,1532.989199,1811.888168,1578.835605,1560.688069,1806.157368,1591.25234,1952.292787,2550.206331,2251.249559,1519.61733,1785.144431,1855.824307,3324.819564,3358.249235,2025.838063,1787.0546980000001,1769.862296,1808.067634,1899.760446,1925.54905,1983.812191,1916.9528489999998,3576.019664,1821.439503,3421.288044,3539.724592,1774.637963,1574.059937,1649.5154810000001,1755.535294,3360.1595020000004,1912.1771809999998,1782.2790309999998,1665.752749,1941.786318,2582.680868,2599.87327,1808.067634,1837.6767719999998,3270.376957,1910.266914,1977.1262559999998,2654.3158780000003,1945.606852,1578.835605,1935.100384,1916.9528489999998,3741.2577520000004,1886.388578,1749.8044940000002,1572.1496710000001,2613.245139,1568.329137,2001.0045929999999,1969.485189,1743.118559,1906.446381,1863.465375,3235.992153,2939.900781,1623.726877,2060.2228670000004,1931.27985
2014-04,3350.4277399999996,3110.702152,1770.7220719999998,1956.9630670000001,2057.24668,2565.350316,2158.485374,1887.2420789999999,1787.9135489999999,2370.513583,1561.559109,2594.002777,2168.991276,1922.580114,1868.140439,1855.724373,1743.0246940000002,1552.963371,3310.314295,1700.0460030000002,1551.053207,1909.208966,1790.778795,1891.0624070000001,3329.415936,1804.149943,1899.658146,1743.0246940000002,1942.636837,2526.191953,3308.404131,1689.5401,1790.778795,1913.984376,2001.8519219999998,1889.152243,2290.286693,3501.3307,1947.412247,2034.324711,3569.141524,1851.904044,2873.8418100000004,1539.592223,1825.161748,1565.3794369999998,1568.244683,1807.9702710000001,1608.3581279999999,1945.5020829999999,2557.70966,2243.487674,1511.894844,1795.5542050000001,1869.0955210000002,3320.820197,3378.125119,2013.312907,1790.778795,1775.4974829999999,1814.655846,1910.164048,1948.367329,1982.750282,1939.771591,3575.8270979999998,1835.66765,3396.271677,3514.7018479999997,1791.733877,1567.289601,1667.573214,1758.3060059999998,3387.675939,1925.4453600000002,1812.7456809999999,1682.854526,1956.0079850000002,2608.329007,2624.565402,1834.712568,1833.757486,3268.290686,1881.5115870000002,2004.717168,2657.993273,1962.693559,1566.334519,1943.5919190000002,1919.714868,3726.7300579999996,1899.658146,1756.3958420000001,1586.391242,2653.217863,1555.828617,2042.9204489999997,1960.783395,1758.3060059999998,1929.265688,1891.0624070000001,3234.862815,3004.688047,1638.9207529999999,2044.8306129999999,1948.367329
2014-05,3331.672064,3077.875647,1782.2782079999997,1957.17911,2075.047109,2553.172943,2162.4975600000002,1871.6297559999998,1779.426563,2355.45888,1537.987275,2586.442136,2161.547011,1929.613207,1872.5803039999998,1833.607821,1729.0474989999998,1541.789469,3303.155613,1707.1848870000001,1541.789469,1918.2066260000001,1784.179305,1899.195659,3320.265484,1823.151789,1904.898949,1746.15737,1924.8604649999997,2527.5081370000003,3296.501774,1705.28379,1790.8331440000002,1903.948401,1994.2504969999998,1908.701143,2253.750204,3519.880643,1968.5856899999999,2065.541625,3561.704772,1841.212208,2842.13965,1545.5916619999998,1807.9430149999998,1548.443307,1556.047695,1800.3386280000002,1602.624565,1935.3164969999998,2543.667459,2235.689785,1498.064243,1805.0913699999999,1879.234143,3312.6610969999997,3348.781935,2006.6076260000002,1785.129854,1768.970531,1806.041918,1911.552788,1961.931852,1979.992271,1942.920884,3609.2321909999996,1848.816595,3358.2874189999998,3486.61145,1803.190273,1548.443307,1678.668435,1751.86066,3363.990709,1936.2670460000002,1837.410014,1691.025564,1952.426368,2608.304749,2618.760781,1856.420982,1828.855079,3244.221614,1862.1242719999998,2019.9153030000002,2638.722297,1961.931852,1546.542211,1943.8714329999998,1912.503336,3681.473867,1906.800046,1753.761757,1580.761952,2654.8816190000002,1539.8883720000001,2060.7888829999997,1948.624175,1763.267241,1925.811013,1897.294562,3218.556807,3009.436164,1637.794855,2030.371335,1952.426368
2014-06,3329.128479,3080.203918,1808.0283949999998,1953.392738,2101.607362,2564.303015,2189.015986,1871.684676,1773.82502,2344.83136,1523.9503650000001,2561.452734,2167.16383,1938.1912379999999,1882.1357070000001,1832.730832,1728.2205199999999,1538.2017720000001,3316.7772600000003,1716.819395,1535.35149,1932.490675,1779.5255829999999,1917.289175,3333.878948,1835.581113,1917.289175,1747.222395,1928.6903,2543.4009530000003,3291.124729,1718.7195829999998,1787.126333,1903.9878629999998,2001.8475190000001,1940.091425,2241.271142,3560.0012590000006,1994.246769,2092.106424,3587.5539770000005,1843.1818629999998,2828.4290760000004,1571.455053,1807.0783010000002,1549.602896,1560.053928,1794.727082,1609.4588019999999,1936.29105,2559.552546,2248.871892,1500.198022,1811.8287699999998,1906.838144,3310.126604,3346.230166,2012.29855,1784.276051,1765.2741760000001,1801.377739,1919.189363,1971.4445190000001,1993.296675,1940.091425,3657.860914,1862.183738,3362.38176,3494.4447909999994,1815.6291449999999,1541.052053,1683.566114,1755.773239,3382.333729,1948.6422690000002,1850.7826129999999,1698.767614,1942.941707,2615.608077,2642.210702,1879.2854260000001,1821.329707,3240.769761,1865.0340199999998,2015.148831,2658.3622960000002,1951.49255,1538.2017720000001,1937.241144,1911.588613,3662.611383,1915.388988,1751.02277,1588.55674,2673.563796,1542.95224,2059.803237,1946.7420809999999,1781.4257699999998,1914.4388940000001,1894.4869260000003,3220.8177920000003,2969.9930440000003,1641.76199,2039.851268,1942.941707
2014-07,3363.327421,3082.258839,1840.239566,1918.103159,2143.147936,2569.4985890000003,2208.667301,1882.969587,1778.518425,2328.31136,1528.785191,2527.718124,2175.432841,1958.934068,1893.4147030000001,1844.0377899999999,1741.4857399999999,1537.331196,3390.8645460000002,1720.595507,1536.38164,1953.236732,1791.812209,1952.2871760000003,3391.8141020000003,1867.77669,1939.9429480000001,1739.586628,1941.8420600000002,2547.6588,3307.303616,1737.687516,1792.7617649999997,1911.4562670000003,2029.2012140000002,1979.824301,2203.9195210000003,3620.657103,2030.15077,2115.610812,3649.143783,1844.0377899999999,2863.860955,1594.304557,1811.752885,1562.969208,1562.019652,1798.4591010000001,1606.6487849999999,1961.7827359999999,2563.801253,2261.842439,1502.197623,1835.491786,1948.488952,3319.647844,3359.529197,2032.9994379999998,1788.963541,1769.022864,1804.156437,1944.690728,2019.7056539999999,2017.8065420000003,1979.824301,3710.8649240000004,1877.272251,3406.0574420000003,3532.3483929999998,1826.945782,1542.078976,1686.411491,1768.0733079999998,3395.612326,1979.824301,1857.3315739999998,1709.200835,2002.613645,2612.22861,2647.3621829999997,1883.919143,1861.129798,3256.027591,1904.809375,2034.89855,2659.706411,2033.948994,1547.776312,1962.7322920000001,1938.0438359999998,3722.2595969999998,1924.7500519999999,1753.829968,1587.657665,2674.899307,1550.62498,2120.358592,1969.3791850000002,1798.4591010000001,1940.892504,1897.212927,3235.137359,2978.757233,1637.034578,2058.63745,1940.892504
2014-08,3413.478207,3106.27468,1872.7050960000001,1892.6780809999998,2185.615191,2585.074887,2239.827578,1908.8466879999999,1791.8620629999998,2335.888124,1547.430773,2530.862499,2194.1750420000003,1995.396288,1903.1401210000001,1866.0474350000002,1750.013904,1559.795001,3467.6905950000005,1735.747486,1552.1862449999999,1975.423304,1819.443804,1988.738627,3487.663579,1899.3357429999999,1959.2546969999999,1738.60077,1959.2546969999999,2544.177822,3337.3906460000003,1755.720471,1806.12848,1925.9663890000002,2064.826188,2029.635691,2215.099121,3712.121885,2070.532755,2145.669221,3744.459098,1854.6343,2900.838265,1618.762861,1825.1503710000002,1578.816892,1583.572364,1805.1773859999998,1622.567239,2000.1517609999999,2572.710658,2266.458225,1516.0446539999998,1859.389773,2006.8094230000002,3357.363631,3415.380396,2065.777282,1787.1065899999999,1767.133605,1820.394898,1981.129871,2061.9729039999997,2052.461959,2024.880218,3792.964918,1888.8737030000002,3451.5219880000004,3597.990543,1858.4386789999999,1555.9906230000001,1686.2905719999999,1785.2044010000002,3438.2066649999997,1992.543005,1877.460569,1708.165745,2079.0926059999997,2613.6077219999997,2664.9668260000003,1887.9226079999999,1898.384648,3287.933732,1944.988279,2041.99992,2676.37996,2120.940764,1567.403758,1989.6897210000002,1990.640816,3878.5634240000004,1938.330618,1759.524849,1611.154105,2685.890905,1564.5504740000001,2162.788923,2006.8094230000002,1835.6124100000002,1966.8634530000002,1920.259822,3253.694329,3018.773984,1651.100075,2093.359023,1953.5481300000001
2014-09,3483.872546,3126.259639,1885.076545,1902.196312,2240.787256,2599.351261,2253.151532,1924.0715699999998,1800.428809,2366.3322120000003,1565.507565,2548.943058,2199.8900350000004,2050.567625,1912.6583920000003,1889.832036,1767.1403739999998,1578.8229390000001,3542.840631,1750.9717050000002,1576.920743,2009.670404,1870.810073,2021.083582,3609.4175020000002,1948.8001219999999,1984.941852,1757.6293920000003,1962.1154960000001,2560.356236,3381.1539450000005,1777.6024539999999,1822.3040670000003,1929.778159,2111.4379059999997,2098.122532,2262.6625129999998,3789.175054,2114.291201,2176.112581,3813.9036060000003,1894.587527,2954.110873,1619.7201599999999,1842.2771280000002,1582.627332,1594.991608,1811.841987,1625.426749,2044.861036,2587.938083,2256.955924,1534.121326,1895.538625,2081.0027649999997,3411.589086,3454.388503,2113.340103,1791.868926,1776.6513559999999,1831.8150489999998,2025.839072,2106.682416,2083.85606,2078.149471,3873.8227899999997,1897.4408210000001,3480.068153,3672.1899810000004,1897.4408210000001,1564.5564669999999,1698.661307,1798.526613,3453.4374049999997,2012.523698,1907.9029010000002,1726.2431530000001,2155.1884219999997,2613.617733,2676.390211,1891.734232,1950.7023179999999,3325.990252,1983.990754,2072.442882,2693.509978,2209.401017,1580.725135,2032.4967600000002,2037.25225,4087.819875,1960.2133,1769.0425699999998,1622.5734539999999,2693.509978,1575.018546,2206.547722,2052.469821,1874.614466,2014.4258949999999,1960.2133,3278.435344,3083.4602219999997,1681.54154,2153.286225,1987.7951460000002
2014-10,3579.2429369999995,3198.918587,1897.8089710000002,1952.1410210000001,2281.946096,2620.329916,2271.460964,1933.077144,1807.2555550000002,2417.2996239999998,1585.161386,2576.482998,2207.596975,2085.588161,1920.6856239999997,1921.638818,1802.4895850000003,1612.804008,3609.74514,1766.268219,1605.178457,2032.209305,1917.8260420000001,2048.413601,3741.2858929999998,1975.017674,1997.894326,1783.4257079999998,1961.67296,2593.640488,3466.766061,1795.8172280000001,1832.9917890000002,1960.719766,2140.8734050000003,2145.639374,2362.01438,3958.6140920000003,2153.264925,2203.7842,3952.894929,1939.7495010000002,3007.326622,1630.914691,1873.025931,1589.927355,1614.7103949999998,1811.06833,1639.493436,2068.430672,2615.563946,2266.694994,1553.7059880000002,1915.9196550000001,2134.201048,3469.625643,3523.004499,2144.68618,1792.957647,1781.519321,1842.523727,2052.226376,2106.558426,2112.2775890000003,2091.307324,4030.1036310000004,1911.1536850000002,3569.7109979999996,3787.0391979999995,1944.5154699999998,1584.208192,1710.982975,1809.1619420000002,3498.2214590000003,2016.9582030000001,1950.2346329999998,1737.672403,2162.796864,2628.90866,2698.491812,1923.5452050000001,1965.4857350000002,3393.3701340000002,1989.315582,2083.6817739999997,2710.883332,2212.362944,1591.833743,2052.226376,2060.805121,4268.402096,1983.5964179999999,1778.6597390000002,1636.633854,2699.445006,1597.5529060000001,2185.673516,2073.196641,1919.73243,2027.443336,2002.660296,3319.021013,3127.429048,1724.327689,2184.7203219999997,2018.864591
2014-11,3665.510725,3268.230247,1916.5193190000002,2058.200068,2311.885192,2630.666877,2294.65375,1938.5372730000001,1814.0879670000002,2495.687245,1611.139867,2615.35004,2217.112259,2102.235976,1942.3664829999998,1954.811413,1843.76434,1650.3892640000001,3683.6994700000005,1781.5396870000002,1646.5600539999998,2045.755137,1954.811413,2063.943882,3863.6723130000005,2012.249555,2003.6338329999999,1823.6609899999999,1976.8293670000003,2642.154506,3566.908583,1814.0879670000002,1851.422759,1996.9327170000001,2162.546025,2173.076351,2501.431059,4098.211391,2174.990955,2224.7706780000003,4094.3821810000004,1969.1709489999998,3077.727078,1655.175775,1896.4159690000001,1597.737634,1643.688147,1814.0879670000002,1656.1330779999998,2081.175324,2645.983715,2289.867238,1581.4634939999999,1950.982204,2168.289839,3513.299651,3583.182723,2161.588722,1801.643036,1793.0273149999998,1859.0811780000001,2071.6023010000004,2124.25393,2135.741559,2122.3393260000003,4180.539393999999,1935.665366,3681.7848659999995,3901.0071049999997,1994.0608100000002,1619.755588,1739.4183829999997,1827.4902,3547.7625359999997,2060.114673,1995.0181120000002,1754.7352210000001,2174.990955,2657.471343,2735.9701370000002,1970.128251,2010.33495,3479.794068,2014.164159,2125.211233,2742.671253,2231.471794,1604.438751,2094.577557,2073.516906,4370.08526,2015.121462,1791.11271,1657.09038,2716.82409,1622.627495,2196.051607,2086.919139,1966.299042,2064.901184,2048.6270440000003,3388.850344,3174.414616,1787.2835010000001,2216.154957,2061.071975
2014-12,3732.109629,3343.408342,1933.8851129999998,2156.137581,2341.829038,2652.59764,2324.510663,1948.3170920000002,1820.353549,2552.535923,1624.078642,2654.5219039999997,2235.032397,2091.674744,1956.0141469999999,1975.256785,1877.1193309999999,1665.4503140000002,3754.2386619999997,1778.0197460000002,1656.791127,2050.303073,1963.711202,2066.659315,3964.9455479999997,2013.742061,2004.1207420000003,1836.709792,1991.6130269999999,2667.029619,3665.7225280000002,1822.277813,1855.952429,2037.7953579999999,2167.683164,2169.6074280000003,2593.907595,4228.5696880000005,2180.1908789999998,2249.464375,4223.759028,1973.332521,3083.6327300000003,1676.995897,1927.1501899999998,1610.608796,1651.980467,1807.845835,1662.563918,2087.8262170000003,2661.256827,2308.154421,1592.32829,1955.0520149999998,2168.645296,3559.888019,3632.0479119999995,2162.8725050000003,1802.0730429999999,1792.4517239999998,1868.4601440000001,2066.659315,2157.099713,2150.3647899999996,2155.175449,4282.449074,1951.203487,3811.966576,3994.771637,2033.94683,1632.737829,1760.701372,1836.709792,3587.789844,2114.76591,2030.0983030000002,1771.284823,2178.266615,2690.120784,2776.7126550000003,1997.385818,2065.6971829999998,3557.9637549999998,2058.000128,2176.3423510000002,2756.507885,2246.57798,1612.53306,2138.819207,2075.318502,4437.352309000001,2026.249775,1795.33812,1665.4503140000002,2743.038039,1629.851434,2224.448946,2090.7126120000003,2003.1586100000002,2107.068855,2076.280634,3451.1671149999997,3224.103987,1813.6186260000002,2222.524682,2114.76591
2015-01,3748.9767119999997,3373.214114,1935.5137399999999,2239.1991129999997,2352.600613,2658.208046,2335.302079,1936.4747690000002,1827.878418,2598.624207,1625.101159,2690.883054,2244.004261,2082.551278,1967.2277190000002,1965.3056589999999,1870.1637230000001,1667.3864640000002,3776.846572,1773.099727,1662.581316,2047.95421,1942.2409469999998,2063.3306850000004,3994.039276,2035.460825,2006.6299350000002,1821.1512100000002,2003.746846,2668.779372,3692.2759619999997,1827.878418,1861.5144559999999,2030.655676,2147.901295,2165.199829,2649.558779,4250.634196,2179.6152739999998,2259.380736,4278.504056000001,1957.6174219999998,3056.0743260000004,1682.762939,1923.981384,1608.763655,1653.932049,1813.4629730000001,1659.6982269999999,2071.0189219999997,2661.091135,2307.4322190000003,1597.231299,1956.656392,2158.472621,3580.796521,3641.34139,2143.0961469999997,1810.579884,1800.008557,1861.5144559999999,2054.681418,2169.043948,2136.368939,2169.043948,4293.880531,1956.656392,3862.3782119999996,4025.7532549999996,2034.499795,1638.555574,1769.2556079999997,1833.644595,3591.367848,2145.0182059999997,2028.733617,1782.710023,2159.4336510000003,2728.363211,2807.1676429999998,1990.29243,2109.460109,3566.3810759999997,2105.61599,2216.1344010000003,2761.038219,2237.277054,1612.607773,2176.7321850000003,2049.8762690000003,4438.034979999999,2013.357142,1798.0864980000001,1667.3864640000002,2776.414694,1626.062188,2244.004261,2081.590248,2007.590964,2152.706443,2071.979952,3478.9273770000004,3242.51408,1811.5409129999998,2197.8748370000003,2135.407909
2015-02,3765.216853,3394.537911,1938.6412899999998,2279.627604,2357.211568,2655.09568,2345.717648,1923.316062,1846.6899239999998,2620.613918,1627.3476050000002,2710.64963,2256.6397620000002,2081.3574719999997,1962.5869579999999,1948.2195570000001,1862.015152,1665.660674,3805.4455759999996,1771.021613,1662.787193,2060.285284,1929.0630230000002,2073.694858,4027.661376,2063.1587640000002,2021.9722149999998,1804.545549,2009.520468,2681.914828,3708.7050759999997,1833.28035,1874.4668989999998,2010.4782940000002,2140.742729,2170.435357,2669.463081,4302.557645,2187.676238,2264.302376,4320.756353,1962.5869579999999,3029.605929,1674.2811140000001,1919.4847550000002,1609.148897,1656.082406,1839.9851370000001,1656.082406,2069.8635510000004,2666.5896,2308.362405,1603.401936,1966.4182649999998,2149.363169,3603.3441369999996,3634.9524189999997,2137.869249,1845.732098,1832.322524,1853.394711,2047.8335359999999,2182.8871050000002,2134.9957679999998,2180.0136239999997,4300.641992,1966.4182649999998,3862.915179,4059.269657,2024.845695,1640.757179,1776.768574,1832.322524,3570.778028,2159.899263,2012.3939480000001,1799.7564149999998,2135.953595,2763.3301,2827.50449,1974.0808789999999,2143.616209,3567.9045479999995,2143.616209,2243.230188,2776.739674,2222.158,1611.06455,2205.874946,2019.0987350000003,4458.683401,2004.731334,1812.2081620000001,1660.87154,2793.022728,1631.178911,2259.513243,2082.315299,1997.06872,2193.423199,2058.36963,3491.2784100000003,3270.020437,1790.178148,2183.844931,2139.784902
2015-03,3782.266635,3399.736508,1949.947325,2286.573837,2345.866007,2656.6717350000004,2359.2545609999997,1935.602445,1872.4849739999997,2652.846434,1642.0105720000001,2730.308785,2278.923234,2090.527146,1971.9428070000001,1964.2922039999999,1878.2229260000001,1676.438284,3818.606997,1781.6340690000002,1673.569308,2074.269616,1927.9518420000002,2085.74552,4062.4699530000003,2111.566303,2033.147627,1795.978948,2020.715398,2708.313302,3713.4112119999995,1834.231961,1902.131059,2010.19582,2144.081364,2171.8147989999998,2691.099447,4324.503091,2187.116004,2246.4081730000003,4357.974477000001,1998.719916,3074.5858989999997,1660.1807529999999,1936.5587699999999,1620.971415,1669.7440060000001,1874.3976239999997,1665.918705,2080.963893,2683.448844,2327.695825,1628.622018,1991.069313,2145.0376899999997,3646.4684399999996,3657.9443439999995,2139.2997379999997,1883.0045519999999,1870.572323,1863.878046,2055.14311,2187.116004,2141.212388,2185.2033530000003,4312.070862,1986.287687,3838.689829,4071.0768810000004,2014.021121,1657.311777,1790.240996,1848.576841,3577.613017,2145.0376899999997,1994.894615,1827.537684,2129.7364850000004,2799.1642079999997,2852.718425,1961.423228,2152.6882920000003,3575.7003659999996,2164.164196,2258.840403,2801.076858,2208.155161,1622.884066,2227.281667,1999.6762410000001,4498.554299,2006.370518,1832.31931,1672.612982,2802.989509,1652.530151,2270.3163059999997,2092.439797,1993.9382890000002,2216.762089,2056.099435,3500.1506659999995,3287.846445,1792.1536469999999,2183.290702,2109.6536530000003
2015-04,3823.575722,3406.163133,1961.934682,2281.9191600000004,2334.453925,2665.900534,2368.840317,1947.607019,1889.3411879999999,2683.09373,1658.188222,2757.5975789999998,2304.843421,2095.659539,1971.486457,1981.0382329999998,1900.803319,1685.888371,3830.2619640000003,1778.540593,1683.978016,2082.287053,1926.593113,2077.511165,4083.384014,2124.314865,2031.662643,1785.226836,2029.752288,2721.300832,3707.9992380000003,1818.65805,1921.817225,2041.214418,2153.925369,2147.239126,2727.987075,4327.909466,2180.6703399999997,2211.236022,4355.609615,2032.617821,3142.53413,1655.322689,1959.069149,1633.3536060000001,1681.1124829999999,1896.982609,1670.60553,2106.1664920000003,2696.466216,2347.826411,1641.950204,2010.6487370000002,2125.270043,3680.299089,3665.9714259999996,2147.239126,1908.444739,1896.027431,1877.8790579999998,2067.95939,2181.625518,2151.059836,2181.625518,4315.492158,1997.2762510000002,3823.575722,4086.249547,1995.365896,1678.24695,1791.913079,1861.6410399999997,3587.6468670000004,2122.4045100000003,1974.35199,1845.403021,2135.776996,2794.849503,2844.518736,1964.8002149999998,2147.239126,3591.4675780000002,2172.073742,2254.219011,2832.101428,2195.953181,1634.308783,2227.47404,2011.603914,4534.227817,2024.9764,1839.671956,1679.2021280000001,2789.118438,1673.4710630000002,2265.6811420000004,2112.852734,1995.365896,2209.325667,2064.13868,3509.322309,3302.048781,1792.868256,2204.549779,2082.287053
2015-05,3812.1182229999995,3403.1334829999996,1951.7132219999999,2296.972432,2314.0927239999996,2668.863207,2358.795707,1950.7620949999998,1891.7922019999999,2707.859426,1667.326159,2764.927064,2310.288214,2092.480063,1959.3222399999997,1987.856059,1909.8636210000002,1691.104341,3792.14455,1765.292271,1693.0065960000002,2074.408644,1930.7884210000002,2059.190607,4040.388775,2114.35599,2017.3410059999999,1774.803544,2042.070316,2711.663936,3678.960401,1800.4839809999999,1925.0816579999998,2058.23948,2166.667992,2118.1605,2756.366919,4242.027763,2159.058974,2180.934902,4281.97511,2048.728207,3194.836605,1649.25474,1967.882386,1638.79234,1679.690814,1896.547838,1673.98405,2116.258245,2704.0549170000004,2347.3821789999997,1645.450231,2011.634242,2101.991336,3655.182218,3677.0581460000003,2163.8146100000004,1887.0365649999999,1877.5252920000003,1880.3786739999998,2067.7507530000003,2148.5965730000003,2156.2055920000003,2154.3033370000003,4238.2232539999995,1985.953805,3808.313714,4062.2647030000003,1959.3222399999997,1688.25096,1781.4614350000002,1865.1606379999998,3612.3814899999998,2078.213153,1941.250822,1846.1380920000001,2127.671773,2766.829319,2819.141321,1956.4688579999997,2105.795845,3575.287525,2149.547701,2214.224357,2832.457103,2173.325883,1644.499104,2194.250684,2016.3898780000002,4509.294535,2029.705661,1825.213291,1677.788559,2768.731574,1674.935177,2229.442394,2118.1605,1985.002677,2169.521374,2062.0439890000002,3492.53945,3251.904243,1781.4614350000002,2228.4912670000003,2043.0214429999999
2015-06,3841.697979,3427.713719,1941.738104,2350.025333,2298.752053,2678.554128,2341.479787,1944.5866190000002,1902.808391,2736.4739440000003,1673.977642,2796.292771,2309.19661,2088.911408,1954.0816710000001,1992.0618789999999,1923.697505,1703.412302,3776.1821219999997,1769.8776649999998,1707.210323,2070.870809,1946.4856300000001,2043.335159,4011.659408,2100.30547,2017.698519,1779.3727170000002,2057.5777359999997,2685.200664,3684.0801189999997,1813.5549039999999,1938.889588,2064.2242730000003,2181.01341,2095.557944,2790.595739,4233.843621,2143.033203,2162.972812,4271.8238280000005,2064.2242730000003,3225.469114,1653.0885269999999,1970.223259,1643.593476,1686.321209,1905.656907,1680.624178,2124.043099,2702.291757,2343.378797,1635.9974339999999,2013.900498,2083.2143760000004,3642.3018909999996,3676.4840770000005,2186.710442,1870.525215,1866.727194,1889.515319,2074.66883,2113.598542,2160.124296,2128.790625,4220.550547999999,1972.1222699999998,3827.4554020000005,4071.478234,1918.000474,1695.816261,1781.271727,1872.424225,3614.76624,2054.729221,1905.656907,1854.383627,2115.497553,2736.4739440000003,2785.8482129999998,1950.28365,2070.870809,3578.685043,2109.800522,2160.124296,2839.020504,2150.629245,1646.441991,2146.831224,2029.0925809999999,4516.796166,2038.5876329999999,1824.948966,1672.078631,2755.464048,1671.129126,2180.063905,2123.093594,1962.6272179999999,2114.548048,2060.4262519999997,3497.9771020000003,3194.135443,1753.736077,2247.478773,2031.941096
2015-07,3840.5977049999997,3458.439221,1941.2129989999999,2409.879996,2279.641905,2694.122252,2330.976627,1952.6207140000001,1911.743066,2765.4204760000002,1671.2303880000002,2829.113557,2315.7663390000002,2091.414592,1961.1765010000001,2002.05415,1937.410427,1709.256107,3756.9411219999997,1795.76462,1715.910608,2069.5498030000003,1962.127144,2038.178584,3996.503157,2102.822308,2026.770868,1811.9255510000003,2059.0927300000003,2674.1587489999997,3698.951899,1837.592912,1953.571357,2076.204304,2195.034679,2100.921022,2835.7680579999997,4282.646698,2140.8480280000003,2167.466032,4294.054414,2078.1055899999997,3249.297761,1646.5136699999998,1979.238718,1644.612384,1686.4406760000002,1906.039208,1691.1938899999998,2131.341598,2705.529968,2345.236272,1638.908526,2024.869582,2086.661377,3616.245958,3686.59354,2210.244966,1858.507058,1860.4083440000002,1902.2366359999999,2080.0068760000004,2066.697874,2167.466032,2090.463949,4245.5716219999995,1974.485503,3831.091275,4066.850738,1899.384707,1694.0458190000002,1801.4684780000002,1886.075705,3634.308175,2024.869582,1887.976991,1877.519918,2071.451089,2735.950543,2778.729478,1942.1636420000002,2021.0670100000002,3581.0721670000003,2047.6850140000001,2086.661377,2845.274488,2103.7729510000004,1642.711098,2080.0068760000004,2008.7086510000001,4529.813878,2022.017653,1833.7903399999998,1656.9707429999999,2750.210188,1673.131674,2112.3287379999997,2128.489669,1947.8674989999997,2045.783728,2058.142087,3496.4649409999997,3113.3558129999997,1723.515752,2274.8886899999998,2027.721511
2015-08,3864.0756119999996,3480.2333329999997,1965.766521,2459.820939,2287.851998,2713.498881,2324.906079,1975.267568,1936.313277,2780.006206,1672.184184,2844.613323,2327.756393,2113.9828469999998,1989.519137,2028.473428,1977.167777,1707.3380559999998,3758.613996,1831.801765,1713.0386839999999,2085.479707,1979.067986,2053.176149,3988.539321,2127.284312,2055.076358,1849.853754,2080.729184,2658.392811,3719.6597049999996,1870.756056,1978.117882,2103.531695,2208.043207,2126.334207,2866.465729,4354.3296119999995,2170.039021,2189.991219,4346.728774,2089.280126,3240.806962,1645.581254,2005.670916,1654.132196,1684.535545,1935.3631719999998,1702.587533,2151.987033,2688.7961600000003,2346.7584859999997,1644.631149,2055.076358,2106.382009,3613.2479840000005,3702.5578219999998,2227.995405,1894.508672,1894.508672,1930.612649,2099.731277,2037.974475,2184.290591,2054.126254,4305.874274,1997.119975,3852.6743560000004,4092.1007280000003,1887.8579399999999,1694.036591,1816.600091,1902.1095100000002,3642.701229,2009.4713350000002,1884.0575210000002,1896.408882,2025.623114,2724.900137,2755.3034850000004,1940.1136960000001,1991.4193469999998,3589.495368,2012.3216489999998,2053.176149,2838.912695,2057.926672,1642.7309400000001,2051.27594,1975.267568,4553.851588,2003.7707070000001,1868.8558469999998,1652.231987,2731.550869,1687.385859,2077.87887,2143.436091,1933.462963,2013.2717539999999,2041.774893,3491.6345890000002,3087.8401129999997,1710.1883699999998,2285.001684,2021.8226949999998
2015-09,3830.5081200000004,3453.146181,1983.520541,2468.02293,2308.734473,2718.333361,2321.060366,2000.587162,1956.02432,2776.170241,1664.943628,2826.421957,2330.5418210000003,2129.53496,2016.705636,2044.201858,1993.0019969999998,1692.43985,3747.0713090000004,1851.728306,1699.0768690000002,2087.816554,1982.572396,2060.3203329999997,3942.3892979999996,2142.808998,2067.9054969999997,1882.068965,2098.2461559999997,2656.7038989999996,3705.352904,1886.809693,1992.0538510000001,2128.5868140000002,2224.349517,2142.808998,2866.244071,4353.8844770000005,2191.164422,2214.868061,4338.714148,2081.179535,3230.331971,1630.810388,2032.824111,1662.099192,1668.736211,1958.8687559999998,1711.4027609999998,2171.253365,2672.822374,2344.764005,1647.877008,2068.853643,2121.00165,3587.782853,3712.938069,2242.364283,1932.32068,1927.579952,1951.2835920000002,2110.572048,2028.083383,2203.490315,2033.772257,4322.595673,2012.9130539999999,3809.648917,4077.025969,1901.0318760000002,1683.90654,1817.595066,1912.409623,3658.893771,2010.0686170000001,1901.980022,1900.083731,1989.2094149999998,2722.1259440000003,2744.881437,1939.905845,1982.572396,3576.405106,1989.2094149999998,2052.735168,2818.836792,2019.550073,1641.2399890000002,2048.942586,1946.542864,4506.535914,1981.62425,1896.291148,1655.4621730000001,2724.97038,1692.43985,2070.749934,2155.13489,1923.78737,2016.705636,2034.720402,3463.575783,3067.250933,1705.713888,2317.267783,2016.705636
2015-10,3771.3913310000003,3420.078443,2024.321832,2534.200268,2336.7054550000003,2735.493058,2334.806466,2013.877395,1989.190544,2837.0889469999997,1687.2513579999998,2847.533384,2356.644835,2167.695471,2050.907673,2074.64503,2017.675372,1702.443267,3673.593419,1886.6451600000003,1707.1907390000001,2108.8268239999998,1998.6854859999999,2088.887444,3791.330711,2171.493448,2105.9783420000003,1901.8370690000002,2136.362159,2678.5234,3606.179324,1923.675437,2015.776384,2137.311653,2246.5034969999997,2169.594459,2900.7050649999996,4215.7546600000005,2224.665128,2251.250968,4211.007189,2080.341996,3220.684641,1650.2210810000001,2060.402616,1695.796807,1684.402876,2005.331947,1731.8775899999998,2200.927771,2670.927446,2361.3923059999997,1675.857427,2097.432893,2147.75609,3519.7753439999997,3642.260107,2267.392371,1984.4430719999998,1973.9986350000001,1968.3016690000002,2137.311653,2034.7662699999998,2228.4631050000003,2031.917787,4222.40112,2035.715764,3722.017628,3989.7750189999997,1910.3825170000002,1703.3927609999998,1823.0290420000001,1925.5744260000001,3615.6742670000003,2016.7258780000002,1913.231,1900.8875739999999,1984.4430719999998,2736.442552,2751.634461,1947.412795,1986.3420609999998,3516.926861,2015.776384,2080.341996,2798.159681,2015.776384,1669.210967,2095.533904,1949.3117829999999,4312.603078,1985.392566,1931.271392,1690.099841,2755.432438,1714.786693,2099.331882,2177.190414,1926.5239199999999,2046.1602010000001,2032.8672809999998,3402.038051,3094.4019,1730.928096,2339.553938,2006.281441
2015-11,3730.1845799999996,3397.217326,2066.299645,2548.6264960000003,2339.332793,2738.893498,2358.359493,2009.219544,2007.3168739999999,2862.5670489999998,1708.597681,2858.761709,2388.8022140000003,2195.6812059999997,2082.47234,2094.839695,2025.392239,1723.819041,3617.9270479999996,1919.794053,1732.381056,2126.233751,2007.3168739999999,2111.01239,3693.082514,2189.973196,2130.039091,1909.329368,2144.309116,2686.570072,3525.6475520000004,1958.7987890000002,2030.148914,2143.3577809999997,2261.3233219999997,2188.070526,2903.474455,4145.917979999999,2249.907302,2268.934002,4126.89128,2081.521005,3217.415009,1669.5929449999999,2074.86166,1717.1596960000002,1713.3543559999998,2027.294909,1753.3104260000002,2212.805237,2673.251382,2388.8022140000003,1699.0843300000001,2111.963725,2169.995161,3463.810777,3585.5816579999996,2287.009367,2010.170879,1993.998184,1970.214809,2155.725136,2036.808259,2244.1992920000002,2033.0029190000002,4183.020045,2044.4189399999998,3670.2504740000004,3935.672942,1924.5507280000002,1725.721711,1841.784582,1930.258738,3600.803018,2014.9275539999999,1921.696723,1907.426698,1990.1928440000002,2751.260853,2763.6282079999996,1963.555464,1991.144179,3461.908107,2042.5162699999998,2108.158385,2787.411584,2025.392239,1693.3763199999999,2140.503776,1964.5067989999998,4179.214704999999,1995.900854,1949.2854379999999,1722.8677059999998,2781.7035730000002,1733.332391,2127.185086,2189.973196,1942.626093,2073.910325,2037.759594,3361.0665950000002,3103.2548070000003,1753.3104260000002,2364.067503,1998.754859
2015-12,3717.8084409999997,3396.846561,2107.26758,2564.829307,2340.3470399999997,2767.3409699999997,2380.467275,2013.653698,2025.1166230000001,2898.209355,1726.125348,2881.970212,2419.632267,2225.717798,2108.222824,2125.41721,2044.2214960000001,1741.4092469999998,3582.1638369999996,1949.6523710000001,1752.872171,2142.611596,2028.9375969999999,2134.014403,3641.388946,2223.80731,2149.298302,1920.9950600000002,2147.387815,2697.60818,3485.684224,1992.638337,2050.908202,2151.2087899999997,2268.703764,2215.210117,2932.598128,4108.503110000001,2275.390469,2280.166688,4076.024825,2094.849412,3227.7684280000003,1695.55755,2099.62563,1744.2749780000001,1728.991079,2046.1319839999999,1768.15607,2215.210117,2687.1005,2415.8112920000003,1719.438642,2135.924891,2196.105243,3441.743015,3557.3275009999998,2296.405831,2025.1166230000001,2006.0117489999998,1977.3544379999998,2175.089882,2036.5795469999998,2248.643646,2031.8033280000002,4144.802371,2057.594908,3633.7469960000003,3901.21523,1932.4579850000002,1739.498759,1867.501414,1944.8761530000002,3594.5820049999998,2014.608942,1925.7712789999998,1938.189447,2006.0117489999998,2769.251457,2778.803894,1984.041144,1996.4593120000002,3439.8325270000005,2068.102589,2119.685748,2795.043037,2036.5795469999998,1718.483398,2161.71647,1987.8621190000001,4108.503110000001,2018.4299170000002,1964.93627,1744.2749780000001,2808.416448,1751.916927,2139.745865,2190.373781,1963.0257829999998,2083.386488,2036.5795469999998,3345.263402,3114.0944289999998,1771.021801,2368.049107,2000.280287
2016-01,3727.3423270000003,3409.736136,2125.004786,2514.143903,2338.649791,2783.107704,2381.569547,2022.951145,2032.488868,2857.5019469999997,1731.0968070000001,2847.010452,2430.211937,2222.289565,2121.189697,2152.664184,2068.732218,1751.126027,3610.0283280000003,1957.140853,1763.5250670000003,2140.265144,2038.2115030000002,2131.681192,3685.376343,2233.734833,2141.218916,1929.481455,2131.681192,2690.5917870000003,3526.0963619999998,2000.0606089999999,2063.9633559999997,2165.063225,2266.163093,2210.844297,2909.9594260000003,4188.01437,2268.0706379999997,2260.440459,4143.187069,2100.206705,3211.351488,1713.928905,2120.2359239999996,1756.848661,1725.3741730000002,2051.5643149999996,1774.016563,2202.260346,2692.499332,2426.396847,1716.7902219999999,2143.126461,2190.815078,3460.28607,3596.675515,2288.099857,2029.6275510000003,2010.552105,1992.4304300000001,2174.6009480000002,2036.3039579999997,2241.365012,2030.5813239999998,4217.581311999999,2061.102039,3666.300897,3956.2476899999997,1928.5276829999998,1742.542075,1877.977749,1965.724804,3642.4565880000005,2015.320966,1923.7588210000001,1963.8172600000003,2025.812462,2767.847347,2778.338843,1991.4766579999998,1994.337975,3455.5172079999998,2082.08503,2127.8661030000003,2801.229379,2050.610543,1733.9581239999998,2158.386818,2006.737015,4218.535085,2031.535096,1970.493666,1747.3109370000002,2795.506745,1759.709978,2139.3113710000002,2177.4622649999997,1978.1238449999998,2086.853892,2032.488868,3377.307876,3119.789342,1782.600514,2352.956377,1999.106836
2016-02,3753.040732,3432.2761549999996,2128.277727,2494.72984,2337.678934,2797.409767,2377.655529,2035.9508309999999,2033.0953600000003,2832.627243,1734.2227269999998,2826.916301,2442.3795379999997,2215.8455050000002,2118.75949,2161.591555,2078.782896,1757.066495,3619.785418,1964.564056,1766.584732,2136.8441399999997,2037.8544780000002,2129.2295510000004,3734.0042590000003,2226.315565,2128.277727,1932.2020510000002,2123.518609,2679.383632,3549.350467,1991.215118,2066.409188,2176.820734,2262.484864,2196.809031,2895.4476050000003,4290.821106,2245.352038,2235.833802,4234.663509,2100.6748399999997,3191.4647670000004,1730.415433,2130.181374,1764.6810850000002,1720.8971960000001,2049.276362,1773.247498,2193.95356,2690.805516,2429.054007,1714.23443,2152.073319,2183.4835,3460.830865,3608.3635340000005,2277.714043,2026.432594,2001.6851789999998,2009.2997679999999,2166.350674,2029.288065,2232.978331,2027.3844179999999,4307.953932,2059.746423,3742.570672,4016.695889,1916.9728719999998,1741.8373170000002,1882.70722,1982.648705,3657.858365,2016.914357,1916.021048,1968.37135,2039.7581260000002,2767.903233,2772.662352,1989.311471,1986.4560000000001,3454.1681,2083.542014,2109.241253,2797.409767,2054.9873039999998,1746.5964350000002,2136.8441399999997,2024.5289469999998,4307.002108,2037.8544780000002,1972.178645,1749.4519059999998,2785.036059,1761.825614,2121.6149609999998,2172.061616,1981.696882,2068.312836,2014.058886,3385.6367950000003,3110.559755,1787.5248530000001,2331.9679920000003,1995.022413
2016-03,3792.381717,3471.4440549999995,2125.025108,2498.186354,2338.667043,2798.234582,2375.698311,2041.4673739999998,2036.719775,2822.922094,1736.671547,2813.426897,2453.558927,2208.582843,2121.227029,2159.207818,2087.04432,1758.5105010000002,3640.458563,1966.4553170000002,1767.056178,2139.267904,2039.568334,2123.126069,3789.5331579999997,2213.330441,2115.529911,1935.121166,2125.025108,2665.3018230000002,3570.1941049999996,1996.839948,2064.255847,2181.0467710000003,2258.907387,2191.491488,2890.337993,4396.276252000001,2219.977079,2212.380921,4309.869958,2106.034714,3178.042465,1743.318185,2133.5707859999998,1775.6018550000001,1723.378271,2048.114012,1772.753296,2195.2895670000003,2683.342697,2430.770454,1705.3373969999998,2159.207818,2183.8953300000003,3468.595496,3611.0234520000004,2271.251143,2030.073137,2002.537066,2024.376019,2163.9554160000002,2020.57794,2224.724678,2022.4769800000001,4380.134417,2062.356807,3822.7663469999998,4102.874662,1902.837496,1744.267705,1878.149984,1998.7389870000002,3662.297517,2014.8808219999999,1899.988937,1953.162041,2042.4168940000002,2763.102353,2769.74899,1973.101955,1967.404837,3467.645976,2071.852005,2087.9938399999996,2797.285062,2057.609209,1759.46002,2111.731832,2026.275059,4380.134417,2030.073137,1982.597152,1749.964823,2779.244188,1759.46002,2102.236635,2173.450613,1975.0009940000002,2041.4673739999998,1994.9409079999998,3398.3310380000003,3083.090494,1786.046572,2326.323286,1978.7990730000001
2016-04,3828.34084,3491.741843,2123.5992899999997,2496.127394,2333.500912,2791.124267,2365.6480070000002,2039.449541,2028.103507,2812.870832,1727.4336170000001,2800.579295,2453.579768,2203.021525,2109.416748,2138.727335,2074.433145,1740.6706559999998,3666.659861,1970.4278370000002,1748.234678,2145.345855,2044.177055,2125.490296,3845.3598899999997,2206.8035370000002,2108.4712449999997,1930.7167190000002,2133.054318,2648.353345,3576.8370950000003,2007.3024460000001,2049.8500719999997,2163.310408,2252.187671,2200.1850170000002,2874.3285140000003,4452.372688,2211.5310510000004,2204.912531,4355.9314030000005,2097.125212,3187.289941,1737.8341480000001,2125.490296,1775.6542600000002,1717.978589,2034.722027,1759.5807120000002,2195.457503,2669.1544059999997,2424.2691809999997,1685.831494,2161.419402,2196.403006,3462.4312560000003,3610.875196,2266.3702129999997,2018.648479,1986.501384,2013.9209649999998,2163.310408,1998.792921,2218.14957,2010.138954,4405.097548,2050.795575,3865.2154490000003,4144.138775,1880.6050699999998,1735.943142,1869.259037,1988.3923899999998,3652.4773189999996,1995.956412,1870.20454,1917.4796800000001,2029.0490100000002,2747.631139,2764.650189,1939.2262440000002,1947.7357690000001,3469.9952780000003,2051.741077,2050.795575,2780.7237370000003,2053.632083,1760.5262149999999,2085.7791780000002,2009.193451,4401.3155369999995,2007.3024460000001,1983.6648760000003,1740.6706559999998,2767.486697,1746.343673,2072.542139,2177.49295,1945.8447640000002,2015.811971,1948.6812719999998,3400.028071,3021.826951,1765.253729,2312.69985,1953.408786
2016-05,3831.4964909999994,3496.723846,2119.912407,2515.03843,2333.035274,2783.799567,2352.838726,2036.926512,2026.553276,2837.551794,1718.185234,2815.862299,2447.14088,2194.411109,2111.425214,2129.342623,2065.217158,1721.014299,3687.214196,1976.573134,1729.501493,2149.146075,2051.071835,2115.1973,3882.419654,2214.214561,2101.994998,1933.194144,2138.772838,2635.745186,3574.994634,2020.895146,2047.2997489999998,2146.31701,2253.821465,2214.214561,2905.449345,4439.745379999999,2214.214561,2201.012259,4349.215313000001,2086.906654,3196.842999,1725.729406,2118.0263640000003,1769.108397,1711.5840829999997,2030.325362,1748.361923,2198.183195,2662.149789,2416.9641899999997,1669.148114,2165.177441,2208.556432,3469.376222,3618.3736240000003,2273.624917,2024.667233,1996.3765870000002,2017.1230600000001,2167.063484,2002.0347160000001,2211.385496,2016.180039,4384.1071090000005,2043.5276629999998,3823.009297,4129.491295000001,1892.644218,1732.330557,1862.467529,1989.775436,3655.151464,1990.718457,1875.66983,1896.4163039999999,2032.211405,2730.990361,2765.882158,1925.649972,1947.3394670000002,3479.7494590000006,2035.040469,2043.5276629999998,2773.4263300000002,2063.331115,1756.8491170000002,2081.248525,2000.1486730000001,4414.283799,2000.1486730000001,1993.5475219999998,1736.102643,2765.882158,1730.444514,2065.217158,2184.980893,1959.5987469999998,2014.293996,1931.308101,3402.421693,2972.4038739999996,1756.8491170000002,2312.2888,1948.2824879999998
2016-06,3805.1757880000005,3459.079721,2111.374109,2532.708452,2335.207979,2775.351891,2340.85085,2037.0763120000001,2020.1477,2849.649688,1709.7898129999999,2830.840119,2434.898694,2190.374298,2110.433631,2122.65985,2050.24301,1706.027899,3683.854069,1975.004734,1715.4326839999999,2148.052768,2047.421575,2102.909803,3890.759327,2217.648173,2101.028846,1938.326075,2135.826549,2624.87534,3559.7109140000002,2013.5643510000002,2044.6001390000001,2139.588462,2264.6720960000002,2216.707695,2918.304615,4398.617687,2220.4696089999998,2196.9576469999997,4325.260368,2073.7549710000003,3188.221928,1705.0874210000002,2115.136023,1753.051821,1699.44455,2022.969135,1739.885123,2200.719561,2652.149215,2401.04147,1659.944455,2163.100423,2214.8267379999998,3458.139242,3619.901535,2290.0650140000002,2022.969135,1992.873825,2016.385786,2162.159945,2022.969135,2212.945781,2032.37392,4372.284291,2033.314398,3750.628039,4082.6169299999997,1926.0998550000002,1722.0160329999999,1866.8497129999998,1978.766648,3651.8778020000004,2000.3976519999999,1906.3498079999997,1889.421196,2037.0763120000001,2722.685098,2765.006628,1923.2784199999999,1970.3023420000002,3473.186897,2035.195355,2063.4097079999997,2755.6018440000003,2069.993057,1750.230386,2096.326454,1996.635739,4414.605821,1999.457174,1994.754782,1737.063688,2759.363758,1712.611248,2082.219277,2195.076691,1990.0523899999998,2044.6001390000001,1932.683204,3385.7224020000003,2948.399925,1765.278041,2333.327022,1961.8380359999999
2016-07,3782.9298740000004,3431.9266789999997,2098.49095,2542.655851,2342.217029,2763.797274,2335.629838,2039.206228,2029.795955,2858.841034,1707.02358,2838.1384329999996,2425.9684620000003,2191.6526559999998,2116.370469,2125.780743,2044.8523920000002,1702.318443,3668.12454,1973.3343149999998,1714.5517989999998,2143.6602620000003,2042.0293100000001,2087.198622,3885.501853,2220.8245030000003,2096.608895,1946.98555,2138.014098,2616.0559829999997,3557.083314,2008.1523260000001,2055.203693,2139.896153,2281.99128,2212.355257,2924.712947,4372.012984,2212.355257,2186.9475190000003,4291.0846329999995,2074.965267,3167.4979989999997,1694.790225,2122.957661,1744.664673,1695.731252,2036.3831460000001,1742.782619,2208.591148,2644.286802,2384.563259,1662.795295,2163.421836,2217.060394,3465.803663,3620.132146,2308.340045,2036.3831460000001,2003.4471899999999,2033.560064,2158.716699,2049.5575289999997,2217.060394,2046.7344469999998,4373.895038000001,2030.7369820000001,3705.765633,4062.414992,1965.806096,1721.13899,1881.113636,1984.626643,3653.068102,2026.972873,1948.8676039999998,1905.5803469999998,2040.147255,2715.80488,2762.8562460000003,1935.6932219999999,2001.565135,3480.8601009999998,2041.0882829999998,2102.255059,2745.917754,2060.849857,1750.310837,2118.252524,2001.565135,4411.536132,2010.9754079999998,2008.1523260000001,1752.1928920000003,2761.915219,1704.2004980000002,2106.960196,2201.0629289999997,2019.444654,2076.847321,1953.572741,3372.641957,2957.648904,1790.775013,2377.976068,1988.390752
2016-08,3738.1427320000003,3391.4790810000004,2086.5581829999996,2533.744898,2335.517173,2746.064641,2328.0014300000003,2035.826917,2027.371706,2843.7693010000003,1695.739541,2816.5247329999997,2409.735137,2172.0497609999998,2110.04488,2127.89477,2042.4031920000002,1695.739541,3638.559136,1968.185228,1716.407834,2126.015834,2034.8874489999998,2063.071485,3849.939411,2200.233797,2078.1029719999997,1960.6694850000001,2124.136898,2606.083925,3538.036072,2007.64288,2048.0399989999996,2131.652641,2281.028036,2188.0207149999997,2900.137375,4314.976016,2179.5655039999997,2161.715614,4237.000182,2080.921375,3143.459558,1678.8291190000002,2130.713173,1735.197192,1676.950183,2037.705852,1736.1366600000001,2200.233797,2628.631155,2367.459082,1656.281889,2140.107852,2197.415394,3448.786622,3600.9804200000003,2305.454201,2035.826917,1999.1876690000001,2029.250641,2141.04732,2059.313614,2206.8100719999998,2046.1610629999998,4345.978457,2017.0375589999999,3655.469558,4019.0436310000005,1968.185228,1707.013155,1892.088329,1978.519375,3639.498604,2046.1610629999998,1953.1537420000002,1928.7275769999999,2030.190109,2692.514971,2748.883045,1924.9697059999999,2014.219155,3464.757576,2035.826917,2126.955302,2730.093687,2038.6453199999999,1738.0155960000002,2128.834238,1992.6113940000002,4371.34409,2004.8244760000002,2007.64288,1746.470807,2745.125173,1690.1027329999997,2117.560623,2187.081247,2001.066605,2088.437118,1961.6089530000002,3348.2635579999996,2934.897687,1794.383669,2416.311412,2001.066605
